Id;Fotos
1;https://dev.velox.ec/brasashop/img/cms/BRASA SHOP.jpg
2;https://dev.velox.ec/brasashop/img/cms/BRASA SHOP.jpg
3;https://dev.velox.ec/brasashop/img/cms/BRASA SHOP.jpg
4;https://dev.velox.ec/brasashop/img/cms/BRASA SHOP.jpg
5;https://dev.velox.ec/brasashop/img/cms/BRASA SHOP.jpg
6;https://dev.velox.ec/brasashop/img/cms/BRASA SHOP.jpg
7;https://dev.velox.ec/brasashop/img/cms/BRASA SHOP.jpg
8;https://dev.velox.ec/brasashop/img/cms/BRASA SHOP.jpg
9;https://dev.velox.ec/brasashop/img/cms/BRASA SHOP.jpg
10;https://dev.velox.ec/brasashop/img/cms/BRASA SHOP.jpg
11;https://dev.velox.ec/brasashop/img/cms/BRASA SHOP.jpg
12;https://dev.velox.ec/brasashop/img/cms/BRASA SHOP.jpg
13;https://dev.velox.ec/brasashop/img/cms/BRASA SHOP.jpg
14;https://dev.velox.ec/brasashop/img/cms/BRASA SHOP.jpg
15;https://dev.velox.ec/brasashop/img/cms/BRASA SHOP.jpg
16;https://dev.velox.ec/brasashop/img/cms/BRASA SHOP.jpg
17;https://dev.velox.ec/brasashop/img/cms/BRASA SHOP.jpg
18;https://dev.velox.ec/brasashop/img/cms/BRASA SHOP.jpg
19;https://dev.velox.ec/brasashop/img/cms/BRASA SHOP.jpg
20;https://dev.velox.ec/brasashop/img/cms/BRASA SHOP.jpg
21;https://dev.velox.ec/brasashop/img/cms/BRASA SHOP.jpg
22;https://dev.velox.ec/brasashop/img/cms/BRASA SHOP.jpg
23;https://dev.velox.ec/brasashop/img/cms/BRASA SHOP.jpg
24;https://dev.velox.ec/brasashop/img/cms/BRASA SHOP.jpg
25;https://dev.velox.ec/brasashop/img/cms/BRASA SHOP.jpg
26;https://dev.velox.ec/brasashop/img/cms/BRASA SHOP.jpg
27;https://dev.velox.ec/brasashop/img/cms/BRASA SHOP.jpg
28;https://dev.velox.ec/brasashop/img/cms/BRASA SHOP.jpg
29;https://dev.velox.ec/brasashop/img/cms/BRASA SHOP.jpg
30;https://dev.velox.ec/brasashop/img/cms/BRASA SHOP.jpg
31;https://dev.velox.ec/brasashop/img/cms/BRASA SHOP.jpg
32;https://dev.velox.ec/brasashop/img/cms/BRASA SHOP.jpg
33;https://dev.velox.ec/brasashop/img/cms/BRASA SHOP.jpg
34;https://dev.velox.ec/brasashop/img/cms/BRASA SHOP.jpg
35;https://dev.velox.ec/brasashop/img/cms/BRASA SHOP.jpg
36;https://dev.velox.ec/brasashop/img/cms/BRASA SHOP.jpg
37;https://dev.velox.ec/brasashop/img/cms/BRASA SHOP.jpg
38;https://dev.velox.ec/brasashop/img/cms/BRASA SHOP.jpg
39;https://dev.velox.ec/brasashop/img/cms/BRASA SHOP.jpg
40;https://dev.velox.ec/brasashop/img/cms/BRASA SHOP.jpg
41;https://dev.velox.ec/brasashop/img/cms/BRASA SHOP.jpg
42;https://dev.velox.ec/brasashop/img/cms/BRASA SHOP.jpg
43;https://dev.velox.ec/brasashop/img/cms/BRASA SHOP.jpg
44;https://dev.velox.ec/brasashop/img/cms/BRASA SHOP.jpg
45;https://dev.velox.ec/brasashop/img/cms/BRASA SHOP.jpg
46;https://dev.velox.ec/brasashop/img/cms/BRASA SHOP.jpg
47;https://dev.velox.ec/brasashop/img/cms/BRASA SHOP.jpg
