id;foto;borrar
1;https://dev.velox.ec/maxxicomp/upload/fotos/012502660521.jpg;1
2;https://dev.velox.ec/maxxicomp/upload/fotos/012502660538.jpg;1
3;https://dev.velox.ec/maxxicomp/upload/fotos/13803330434.jpg;1
4;https://dev.velox.ec/maxxicomp/upload/fotos/13803292510.jpg;1
5;https://dev.velox.ec/maxxicomp/upload/fotos/13803317848.jpg;1
6;https://dev.velox.ec/maxxicomp/upload/fotos/13803333183.jpg;1
7;https://dev.velox.ec/maxxicomp/upload/fotos/10343958067.jpg;1
8;https://dev.velox.ec/maxxicomp/upload/fotos/10343958098.jpg;1
9;https://dev.velox.ec/maxxicomp/upload/fotos/10343957961.jpg;1
10;https://dev.velox.ec/maxxicomp/upload/fotos/ARTEC0005474.jpg;1
11;https://dev.velox.ec/maxxicomp/upload/fotos/10343932937.jpg;1
12;https://dev.velox.ec/maxxicomp/upload/fotos/C31CH51001.jpg;1
13;https://dev.velox.ec/maxxicomp/upload/fotos/811080.jpg;1
14;https://dev.velox.ec/maxxicomp/upload/fotos/ZEB-ZD23042-D01G00EZ.jpg;1
15;https://dev.velox.ec/maxxicomp/upload/fotos/193199819307.jpg;1
16;https://dev.velox.ec/maxxicomp/upload/fotos/195553345064.jpg;1
17;https://dev.velox.ec/maxxicomp/upload/fotos/192876670569.jpg;1
18;https://dev.velox.ec/maxxicomp/upload/fotos/195553387712.jpg;1
19;https://dev.velox.ec/maxxicomp/upload/fotos/195553139137.jpg;1
20;https://dev.velox.ec/maxxicomp/upload/fotos/195553164863.jpg;1
21;https://dev.velox.ec/maxxicomp/upload/fotos/195553216838.jpg;1
22;https://dev.velox.ec/maxxicomp/upload/fotos/195553092852.jpg;1
23;https://dev.velox.ec/maxxicomp/upload/fotos/195553394390.jpg;1
24;https://dev.velox.ec/maxxicomp/upload/fotos/195553267755.jpg;1
25;https://dev.velox.ec/maxxicomp/upload/fotos/192876657591.jpg;1
26;https://dev.velox.ec/maxxicomp/upload/fotos/NT041DEL23.jpg;1
27;https://dev.velox.ec/maxxicomp/upload/fotos/884116385127.jpg;1
28;https://dev.velox.ec/maxxicomp/upload/fotos/884116380894.jpg;1
29;https://dev.velox.ec/maxxicomp/upload/fotos/884116374367.jpg;1
30;https://dev.velox.ec/maxxicomp/upload/fotos/884116409311.jpg;1
31;https://dev.velox.ec/maxxicomp/upload/fotos/884116409403.jpg;1
32;https://dev.velox.ec/maxxicomp/upload/fotos/884116400042.jpg;1
33;https://dev.velox.ec/maxxicomp/upload/fotos/884116387398.jpg;1
34;https://dev.velox.ec/maxxicomp/upload/fotos/810075650716.jpg;1
35;https://dev.velox.ec/maxxicomp/upload/fotos/195697720215.jpg;1
36;https://dev.velox.ec/maxxicomp/upload/fotos/196188031124.jpg;1
37;https://dev.velox.ec/maxxicomp/upload/fotos/195161165580.jpg;1
38;https://dev.velox.ec/maxxicomp/upload/fotos/195122004828.jpg;1
39;https://dev.velox.ec/maxxicomp/upload/fotos/195122004873.jpg;1
40;https://dev.velox.ec/maxxicomp/upload/fotos/196188406656.jpg;1
41;https://dev.velox.ec/maxxicomp/upload/fotos/196068804015.jpg;1
42;https://dev.velox.ec/maxxicomp/upload/fotos/195908900429.jpg;1
43;https://dev.velox.ec/maxxicomp/upload/fotos/195161517600.jpg;1
44;https://dev.velox.ec/maxxicomp/upload/fotos/195161517631.jpg;1
45;https://dev.velox.ec/maxxicomp/upload/fotos/195161518638.jpg;1
46;https://dev.velox.ec/maxxicomp/upload/fotos/195122766856.jpg;1
47;https://dev.velox.ec/maxxicomp/upload/fotos/195122001674.jpg;1
48;https://dev.velox.ec/maxxicomp/upload/fotos/195161297076.jpg;1
49;https://dev.velox.ec/maxxicomp/upload/fotos/195122428761.jpg;1
50;https://dev.velox.ec/maxxicomp/upload/fotos/195042163032.jpg;1
51;https://dev.velox.ec/maxxicomp/upload/fotos/195235265482.jpg;1
52;https://dev.velox.ec/maxxicomp/upload/fotos/81WA00DFLM.jpg;1
53;https://dev.velox.ec/maxxicomp/upload/fotos/195042614305.jpg;1
54;https://dev.velox.ec/maxxicomp/upload/fotos/195477540095.jpg;1
55;https://dev.velox.ec/maxxicomp/upload/fotos/195891876954.jpg;1
56;https://dev.velox.ec/maxxicomp/upload/fotos/194632976182.jpg;1
57;https://dev.velox.ec/maxxicomp/upload/fotos/195891643112.jpg;1
58;https://dev.velox.ec/maxxicomp/upload/fotos/195891645154.jpg;1
59;https://dev.velox.ec/maxxicomp/upload/fotos/195477263642.jpg;1
60;https://dev.velox.ec/maxxicomp/upload/fotos/824142210307.jpg;1
61;https://dev.velox.ec/maxxicomp/upload/fotos/824142248652.jpg;1
62;https://dev.velox.ec/maxxicomp/upload/fotos/LAP4ED-256G.jpg;1
63;https://dev.velox.ec/maxxicomp/upload/fotos/195908889373.jpg;1
64;https://dev.velox.ec/maxxicomp/upload/fotos/195553486484.jpg;1
65;https://dev.velox.ec/maxxicomp/upload/fotos/195891983041.jpg;1
66;https://dev.velox.ec/maxxicomp/upload/fotos/195553137041.jpg;1
67;https://dev.velox.ec/maxxicomp/upload/fotos/195908164685.jpg;1
68;https://dev.velox.ec/maxxicomp/upload/fotos/195553212571.jpg;1
69;https://dev.velox.ec/maxxicomp/upload/fotos/195553016728.jpg;1
70;https://dev.velox.ec/maxxicomp/upload/fotos/195891998984.jpg;1
71;https://dev.velox.ec/maxxicomp/upload/fotos/195553486422.jpg;1
72;https://dev.velox.ec/maxxicomp/upload/fotos/195553234108.jpg;1
73;https://dev.velox.ec/maxxicomp/upload/fotos/195553396042.jpg;1
74;https://dev.velox.ec/maxxicomp/upload/fotos/195235948354.jpg;1
75;https://dev.velox.ec/maxxicomp/upload/fotos/196068804015.jpg;1
76;https://dev.velox.ec/maxxicomp/upload/fotos/884116372585.jpg;1
77;https://dev.velox.ec/maxxicomp/upload/fotos/884116380795.jpg;1
78;https://dev.velox.ec/maxxicomp/upload/fotos/195925171321.jpg;1
79;https://dev.velox.ec/maxxicomp/upload/fotos/195042149050.jpg;1
80;https://dev.velox.ec/maxxicomp/upload/fotos/6YR55AA#ABA.jpg;1
81;https://dev.velox.ec/maxxicomp/upload/fotos/M01-F1063WB-R.jpg;1
82;https://dev.velox.ec/maxxicomp/upload/fotos/195161602689.jpg;1
83;https://dev.velox.ec/maxxicomp/upload/fotos/9EE37AA#ABA.jpg;1
84;https://dev.velox.ec/maxxicomp/upload/fotos/11BW0002US-R.jpg;1
85;https://dev.velox.ec/maxxicomp/upload/fotos/840006606338.jpg;1
86;https://dev.velox.ec/maxxicomp/upload/fotos/840006623816.jpg;1
87;https://dev.velox.ec/maxxicomp/upload/fotos/840006626961.jpg;1
88;https://dev.velox.ec/maxxicomp/upload/fotos/840006610908.jpg;1
89;https://dev.velox.ec/maxxicomp/upload/fotos/840006607779.jpg;1
90;https://dev.velox.ec/maxxicomp/upload/fotos/843591078283.jpg;1
91;https://dev.velox.ec/maxxicomp/upload/fotos/91163241058.jpg;1
92;https://dev.velox.ec/maxxicomp/upload/fotos/91163251491.jpg;1
93;https://dev.velox.ec/maxxicomp/upload/fotos/91163251477.jpg;1
94;https://dev.velox.ec/maxxicomp/upload/fotos/91163251507.jpg;1
95;https://dev.velox.ec/maxxicomp/upload/fotos/MOUGENDX150XUBL.jpg;1
96;https://dev.velox.ec/maxxicomp/upload/fotos/MOUGENDX150XUBK.jpg;1
97;https://dev.velox.ec/maxxicomp/upload/fotos/MOUGENDX150XURD.jpg;1
98;https://dev.velox.ec/maxxicomp/upload/fotos/GENMOU8100R.jpg;1
99;https://dev.velox.ec/maxxicomp/upload/fotos/91163227885.jpg;1
100;https://dev.velox.ec/maxxicomp/upload/fotos/91163228691.jpg;1
101;https://dev.velox.ec/maxxicomp/upload/fotos/91163228684.jpg;1
102;https://dev.velox.ec/maxxicomp/upload/fotos/91163228707.jpg;1
103;https://dev.velox.ec/maxxicomp/upload/fotos/91163250838.jpg;1
104;https://dev.velox.ec/maxxicomp/upload/fotos/91163250074.jpg;1
105;https://dev.velox.ec/maxxicomp/upload/fotos/MOUGENNX7005UBL.jpg;1
106;https://dev.velox.ec/maxxicomp/upload/fotos/91163251613.jpg;1
107;https://dev.velox.ec/maxxicomp/upload/fotos/MOUGENNX7015UBW.jpg;1
108;https://dev.velox.ec/maxxicomp/upload/fotos/MOUGENNX7015UCH.jpg;1
109;https://dev.velox.ec/maxxicomp/upload/fotos/91163250968.jpg;1
110;https://dev.velox.ec/maxxicomp/upload/fotos/91163250944.jpg;1
111;https://dev.velox.ec/maxxicomp/upload/fotos/91163258698.jpg;1
112;https://dev.velox.ec/maxxicomp/upload/fotos/91163256618.jpg;1
113;https://dev.velox.ec/maxxicomp/upload/fotos/91163256601.jpg;1
114;https://dev.velox.ec/maxxicomp/upload/fotos/91163251538.jpg;1
115;https://dev.velox.ec/maxxicomp/upload/fotos/798302180031.jpg;1
116;https://dev.velox.ec/maxxicomp/upload/fotos/798302180550.jpg;1
117;https://dev.velox.ec/maxxicomp/upload/fotos/798302076266.jpg;1
118;https://dev.velox.ec/maxxicomp/upload/fotos/798302076273.jpg;1
119;https://dev.velox.ec/maxxicomp/upload/fotos/798302074934.jpg;1
120;https://dev.velox.ec/maxxicomp/upload/fotos/ID011KLX19.jpg;1
121;https://dev.velox.ec/maxxicomp/upload/fotos/798302074927.jpg;1
122;https://dev.velox.ec/maxxicomp/upload/fotos/798302079465.jpg;1
123;https://dev.velox.ec/maxxicomp/upload/fotos/798302077669.jpg;1
124;https://dev.velox.ec/maxxicomp/upload/fotos/798302077676.jpg;1
125;https://dev.velox.ec/maxxicomp/upload/fotos/798302077683.jpg;1
126;https://dev.velox.ec/maxxicomp/upload/fotos/355BK798302072169.jpg;1
127;https://dev.velox.ec/maxxicomp/upload/fotos/798302077928.jpg;1
128;https://dev.velox.ec/maxxicomp/upload/fotos/798302079236.jpg;1
129;https://dev.velox.ec/maxxicomp/upload/fotos/97855157546.jpg;1
130;https://dev.velox.ec/maxxicomp/upload/fotos/97855155962.jpg;1
131;https://dev.velox.ec/maxxicomp/upload/fotos/97855155955.jpg;1
132;https://dev.velox.ec/maxxicomp/upload/fotos/9785515594.jpg;1
133;https://dev.velox.ec/maxxicomp/upload/fotos/97855163837.jpg;1
134;https://dev.velox.ec/maxxicomp/upload/fotos/97855161536.jpg;1
135;https://dev.velox.ec/maxxicomp/upload/fotos/97855161574.jpg;1
136;https://dev.velox.ec/maxxicomp/upload/fotos/97855168399.jpg;1
137;https://dev.velox.ec/maxxicomp/upload/fotos/97855137708.jpg;1
138;https://dev.velox.ec/maxxicomp/upload/fotos/97855147745.jpg;1
139;https://dev.velox.ec/maxxicomp/upload/fotos/97855141996.jpg;1
140;https://dev.velox.ec/maxxicomp/upload/fotos/97855145246.jpg;1
141;https://dev.velox.ec/maxxicomp/upload/fotos/97855097132.jpg;1
142;https://dev.velox.ec/maxxicomp/upload/fotos/97855129956.jpg;1
143;https://dev.velox.ec/maxxicomp/upload/fotos/97855149435.jpg;1
144;https://dev.velox.ec/maxxicomp/upload/fotos/97855142689.jpg;1
145;https://dev.velox.ec/maxxicomp/upload/fotos/910-005493.jpg;1
146;https://dev.velox.ec/maxxicomp/upload/fotos/MOULOG910005492.jpg;1
147;https://dev.velox.ec/maxxicomp/upload/fotos/97855119209.jpg;1
148;https://dev.velox.ec/maxxicomp/upload/fotos/97855119216.jpg;1
149;https://dev.velox.ec/maxxicomp/upload/fotos/97855139252.jpg;1
150;https://dev.velox.ec/maxxicomp/upload/fotos/97855139276.jpg;1
151;https://dev.velox.ec/maxxicomp/upload/fotos/97855159939.jpg;1
152;https://dev.velox.ec/maxxicomp/upload/fotos/97855159953.jpg;1
153;https://dev.velox.ec/maxxicomp/upload/fotos/97855109187.jpg;1
154;https://dev.velox.ec/maxxicomp/upload/fotos/97855107435.jpg;1
155;https://dev.velox.ec/maxxicomp/upload/fotos/97855140470.jpg;1
156;https://dev.velox.ec/maxxicomp/upload/fotos/MOUMARG943.jpg;1
157;https://dev.velox.ec/maxxicomp/upload/fotos/MOUS5100.jpg;1
158;https://dev.velox.ec/maxxicomp/upload/fotos/6932391923467.jpg;1
159;https://dev.velox.ec/maxxicomp/upload/fotos/6952391918999.jpg;1
160;https://dev.velox.ec/maxxicomp/upload/fotos/MOU5500.jpg;1
161;https://dev.velox.ec/maxxicomp/upload/fotos/6932391906507.jpg;1
162;https://dev.velox.ec/maxxicomp/upload/fotos/MOUS5011.jpg;1
163;https://dev.velox.ec/maxxicomp/upload/fotos/MOUS6508.jpg;1
164;https://dev.velox.ec/maxxicomp/upload/fotos/ARTEC0011198.jpg;1
165;https://dev.velox.ec/maxxicomp/upload/fotos/6932391909089.jpg;1
166;https://dev.velox.ec/maxxicomp/upload/fotos/824142218440.jpg;1
167;https://dev.velox.ec/maxxicomp/upload/fotos/8712581762490.jpg;1
168;https://dev.velox.ec/maxxicomp/upload/fotos/8712581762414.jpg;1
169;https://dev.velox.ec/maxxicomp/upload/fotos/798360223114.jpg;1
170;https://dev.velox.ec/maxxicomp/upload/fotos/798361223120.jpg;1
171;https://dev.velox.ec/maxxicomp/upload/fotos/798302224629.jpg;1
172;https://dev.velox.ec/maxxicomp/upload/fotos/7862125251377GRIS.jpg;1
173;https://dev.velox.ec/maxxicomp/upload/fotos/7862125251377.jpg;1
174;https://dev.velox.ec/maxxicomp/upload/fotos/7862125251377ROJO.jpg;1
175;https://dev.velox.ec/maxxicomp/upload/fotos/6950376750938.jpg;1
176;https://dev.velox.ec/maxxicomp/upload/fotos/8713439233377.jpg;1
177;https://dev.velox.ec/maxxicomp/upload/fotos/842243020793.jpg;1
178;https://dev.velox.ec/maxxicomp/upload/fotos/ID011XTK06.jpg;1
179;https://dev.velox.ec/maxxicomp/upload/fotos/6931858785044.jpg;1
180;https://dev.velox.ec/maxxicomp/upload/fotos/91163251453.jpg;1
181;https://dev.velox.ec/maxxicomp/upload/fotos/91163254454.jpg;1
182;https://dev.velox.ec/maxxicomp/upload/fotos/KEYGENKB101SMBK.jpg;1
183;https://dev.velox.ec/maxxicomp/upload/fotos/91163255611.jpg;1
184;https://dev.velox.ec/maxxicomp/upload/fotos/91163257349.jpg;1
185;https://dev.velox.ec/maxxicomp/upload/fotos/91163255659.jpg;1
186;https://dev.velox.ec/maxxicomp/upload/fotos/91163251422.jpg;1
187;https://dev.velox.ec/maxxicomp/upload/fotos/91163258179.jpg;1
188;https://dev.velox.ec/maxxicomp/upload/fotos/91163235323.jpg;1
189;https://dev.velox.ec/maxxicomp/upload/fotos/6948391226866.jpg;1
190;https://dev.velox.ec/maxxicomp/upload/fotos/97855078827.jpg;1
191;https://dev.velox.ec/maxxicomp/upload/fotos/97855115324.jpg;1
192;https://dev.velox.ec/maxxicomp/upload/fotos/KEYLOG920010085.jpg;1
193;https://dev.velox.ec/maxxicomp/upload/fotos/KEYLOG920010086.jpg;1
194;https://dev.velox.ec/maxxicomp/upload/fotos/6932391920589.jpg;1
195;https://dev.velox.ec/maxxicomp/upload/fotos/6932391922286.jpg;1
196;https://dev.velox.ec/maxxicomp/upload/fotos/TECL5209.jpg;1
197;https://dev.velox.ec/maxxicomp/upload/fotos/KB5005.jpg;1
198;https://dev.velox.ec/maxxicomp/upload/fotos/KB5012.jpg;1
199;https://dev.velox.ec/maxxicomp/upload/fotos/038005MAVKG901.jpg;1
200;https://dev.velox.ec/maxxicomp/upload/fotos/KB5501.jpg;1
201;https://dev.velox.ec/maxxicomp/upload/fotos/6932391924648.jpg;1
202;https://dev.velox.ec/maxxicomp/upload/fotos/6932391924631.jpg;1
203;https://dev.velox.ec/maxxicomp/upload/fotos/6970344731677.jpg;1
204;https://dev.velox.ec/maxxicomp/upload/fotos/ARTEC0011070.jpg;1
205;https://dev.velox.ec/maxxicomp/upload/fotos/6950376776969.jpg;1
206;https://dev.velox.ec/maxxicomp/upload/fotos/6950376778109.jpg;1
207;https://dev.velox.ec/maxxicomp/upload/fotos/6950376704979.jpg;1
208;https://dev.velox.ec/maxxicomp/upload/fotos/6950376704962.jpg;1
209;https://dev.velox.ec/maxxicomp/upload/fotos/6950376778949.jpg;1
210;https://dev.velox.ec/maxxicomp/upload/fotos/6950376772244.jpg;1
211;https://dev.velox.ec/maxxicomp/upload/fotos/6950376772251.jpg;1
212;https://dev.velox.ec/maxxicomp/upload/fotos/4713218468758.jpg;1
213;https://dev.velox.ec/maxxicomp/upload/fotos/ID222XTK03.jpg;1
214;https://dev.velox.ec/maxxicomp/upload/fotos/91163256199.jpg;1
215;https://dev.velox.ec/maxxicomp/upload/fotos/DESKMARCM409.jpg;1
216;https://dev.velox.ec/maxxicomp/upload/fotos/6932391923269.jpg;1
217;https://dev.velox.ec/maxxicomp/upload/fotos/CO1059MT052102745.jpg;1
218;https://dev.velox.ec/maxxicomp/upload/fotos/7864186403061.jpg;1
219;https://dev.velox.ec/maxxicomp/upload/fotos/8713439231489.jpg;1
220;https://dev.velox.ec/maxxicomp/upload/fotos/CH106BL.jpg;1
221;https://dev.velox.ec/maxxicomp/upload/fotos/20210900006.jpg;1
222;https://dev.velox.ec/maxxicomp/upload/fotos/6932391922743.jpg;1
223;https://dev.velox.ec/maxxicomp/upload/fotos/SILL0004.jpg;1
224;https://dev.velox.ec/maxxicomp/upload/fotos/CH1981MT052101592.jpg;1
225;https://dev.velox.ec/maxxicomp/upload/fotos/6970344732438.jpg;1
226;https://dev.velox.ec/maxxicomp/upload/fotos/4710562752328.jpg;1
227;https://dev.velox.ec/maxxicomp/upload/fotos/4710562752434.jpg;1
228;https://dev.velox.ec/maxxicomp/upload/fotos/4710562754124.jpg;1
229;https://dev.velox.ec/maxxicomp/upload/fotos/4710562758528.jpg;1
230;https://dev.velox.ec/maxxicomp/upload/fotos/CASE6064.jpg;1
231;https://dev.velox.ec/maxxicomp/upload/fotos/761345800181.jpg;1
232;https://dev.velox.ec/maxxicomp/upload/fotos/761345800198.jpg;1
233;https://dev.velox.ec/maxxicomp/upload/fotos/761345800228.jpg;1
234;https://dev.velox.ec/maxxicomp/upload/fotos/761345810272.jpg;1
235;https://dev.velox.ec/maxxicomp/upload/fotos/761345810203.jpg;1
236;https://dev.velox.ec/maxxicomp/upload/fotos/761345810234.jpg;1
237;https://dev.velox.ec/maxxicomp/upload/fotos/761345810289.jpg;1
238;https://dev.velox.ec/maxxicomp/upload/fotos/761345810296.jpg;1
239;https://dev.velox.ec/maxxicomp/upload/fotos/761345810326.jpg;1
240;https://dev.velox.ec/maxxicomp/upload/fotos/761345810302.jpg;1
241;https://dev.velox.ec/maxxicomp/upload/fotos/761345810401.jpg;1
242;https://dev.velox.ec/maxxicomp/upload/fotos/761345810609.jpg;1
243;https://dev.velox.ec/maxxicomp/upload/fotos/761345810807.jpg;1
244;https://dev.velox.ec/maxxicomp/upload/fotos/4719867041649.jpg;1
245;https://dev.velox.ec/maxxicomp/upload/fotos/4712839555328.jpg;1
246;https://dev.velox.ec/maxxicomp/upload/fotos/4712839551795.jpg;1
247;https://dev.velox.ec/maxxicomp/upload/fotos/886027015780.jpg;1
248;https://dev.velox.ec/maxxicomp/upload/fotos/884102044670.jpg;1
249;https://dev.velox.ec/maxxicomp/upload/fotos/884102067020.jpg;1
250;https://dev.velox.ec/maxxicomp/upload/fotos/884102069901.jpg;1
251;https://dev.velox.ec/maxxicomp/upload/fotos/884102038006.jpg;1
252;https://dev.velox.ec/maxxicomp/upload/fotos/840006609124.jpg;1
253;https://dev.velox.ec/maxxicomp/upload/fotos/840006621928.jpg;1
254;https://dev.velox.ec/maxxicomp/upload/fotos/2200019171984.jpg;1
255;https://dev.velox.ec/maxxicomp/upload/fotos/GENCASATXCS204.jpg;1
256;https://dev.velox.ec/maxxicomp/upload/fotos/6931858773010.jpg;1
257;https://dev.velox.ec/maxxicomp/upload/fotos/6931858773140.jpg;1
258;https://dev.velox.ec/maxxicomp/upload/fotos/6931858773096.jpg;1
259;https://dev.velox.ec/maxxicomp/upload/fotos/BRUFENC3BWNE.jpg;1
260;https://dev.velox.ec/maxxicomp/upload/fotos/6931858771221.jpg;1
261;https://dev.velox.ec/maxxicomp/upload/fotos/6931858773041.jpg;1
262;https://dev.velox.ec/maxxicomp/upload/fotos/6931858771658.jpg;1
263;https://dev.velox.ec/maxxicomp/upload/fotos/6931858771146.jpg;1
264;https://dev.velox.ec/maxxicomp/upload/fotos/6931858771184.jpg;1
265;https://dev.velox.ec/maxxicomp/upload/fotos/6931858771153.jpg;1
266;https://dev.velox.ec/maxxicomp/upload/fotos/6931858770910.jpg;1
267;https://dev.velox.ec/maxxicomp/upload/fotos/6931858771689.jpg;1
268;https://dev.velox.ec/maxxicomp/upload/fotos/6931858771696.jpg;1
269;https://dev.velox.ec/maxxicomp/upload/fotos/6931858772716.jpg;1
270;https://dev.velox.ec/maxxicomp/upload/fotos/6931858772761.jpg;1
271;https://dev.velox.ec/maxxicomp/upload/fotos/6931858770361.jpg;1
272;https://dev.velox.ec/maxxicomp/upload/fotos/6931858773058.jpg;1
273;https://dev.velox.ec/maxxicomp/upload/fotos/6931858770767.jpg;1
274;https://dev.velox.ec/maxxicomp/upload/fotos/6931858770774.jpg;1
275;https://dev.velox.ec/maxxicomp/upload/fotos/6931858772792.jpg;1
276;https://dev.velox.ec/maxxicomp/upload/fotos/6931858772808.jpg;1
277;https://dev.velox.ec/maxxicomp/upload/fotos/038012GAMG510BK.jpg;1
278;https://dev.velox.ec/maxxicomp/upload/fotos/813567026655.jpg;1
279;https://dev.velox.ec/maxxicomp/upload/fotos/CASQUAGMFEARLESS.jpg;1
280;https://dev.velox.ec/maxxicomp/upload/fotos/CASQUAGMRAGER.jpg;1
281;https://dev.velox.ec/maxxicomp/upload/fotos/SPECASATXSMCSGR08.jpg;1
282;https://dev.velox.ec/maxxicomp/upload/fotos/SPECASATXFG05B.jpg;1
283;https://dev.velox.ec/maxxicomp/upload/fotos/102180800033.jpg;1
284;https://dev.velox.ec/maxxicomp/upload/fotos/4713621525871.jpg;1
285;https://dev.velox.ec/maxxicomp/upload/fotos/CS000ADT23.jpg;1
286;https://dev.velox.ec/maxxicomp/upload/fotos/CS000ADT24.jpg;1
287;https://dev.velox.ec/maxxicomp/upload/fotos/842243019292.jpg;1
288;https://dev.velox.ec/maxxicomp/upload/fotos/842243019285.jpg;1
289;https://dev.velox.ec/maxxicomp/upload/fotos/CS000ADT11.jpg;1
290;https://dev.velox.ec/maxxicomp/upload/fotos/4710483931499.jpg;1
291;https://dev.velox.ec/maxxicomp/upload/fotos/889349672068.jpg;1
292;https://dev.velox.ec/maxxicomp/upload/fotos/192876716106.jpg;1
293;https://dev.velox.ec/maxxicomp/upload/fotos/192876713693.jpg;1
294;https://dev.velox.ec/maxxicomp/upload/fotos/192876758298.jpg;1
295;https://dev.velox.ec/maxxicomp/upload/fotos/195553130370.jpg;1
296;https://dev.velox.ec/maxxicomp/upload/fotos/889523011904.jpg;1
297;https://dev.velox.ec/maxxicomp/upload/fotos/889523023501.jpg;1
298;https://dev.velox.ec/maxxicomp/upload/fotos/889523024393.jpg;1
299;https://dev.velox.ec/maxxicomp/upload/fotos/889523024041.jpg;1
300;https://dev.velox.ec/maxxicomp/upload/fotos/889523024089.jpg;1
301;https://dev.velox.ec/maxxicomp/upload/fotos/889523024416.jpg;1
302;https://dev.velox.ec/maxxicomp/upload/fotos/889523027011.jpg;1
303;https://dev.velox.ec/maxxicomp/upload/fotos/B560MDS3HV2.jpg;1
304;https://dev.velox.ec/maxxicomp/upload/fotos/889523021033.jpg;1
305;https://dev.velox.ec/maxxicomp/upload/fotos/889523018088.jpg;1
306;https://dev.velox.ec/maxxicomp/upload/fotos/889523019023.jpg;1
307;https://dev.velox.ec/maxxicomp/upload/fotos/889523026557.jpg;1
308;https://dev.velox.ec/maxxicomp/upload/fotos/730143309936.jpg;1
309;https://dev.velox.ec/maxxicomp/upload/fotos/PROAMD100000143.jpg;1
310;https://dev.velox.ec/maxxicomp/upload/fotos/730143313414.jpg;1
311;https://dev.velox.ec/maxxicomp/upload/fotos/PROAMD100000145.jpg;1
312;https://dev.velox.ec/maxxicomp/upload/fotos/730143312738.jpg;1
313;https://dev.velox.ec/maxxicomp/upload/fotos/SD2650JAHMBOX.jpg;1
314;https://dev.velox.ec/maxxicomp/upload/fotos/735858452199.jpg;1
315;https://dev.velox.ec/maxxicomp/upload/fotos/735858477239.jpg;1
316;https://dev.velox.ec/maxxicomp/upload/fotos/735858478120.jpg;1
317;https://dev.velox.ec/maxxicomp/upload/fotos/735858407823.jpg;1
318;https://dev.velox.ec/maxxicomp/upload/fotos/ARTEC0008976.jpg;1
319;https://dev.velox.ec/maxxicomp/upload/fotos/PROINTCI711700K.jpg;1
320;https://dev.velox.ec/maxxicomp/upload/fotos/MEMPEK1J018GAH.jpg;1
321;https://dev.velox.ec/maxxicomp/upload/fotos/4710273773940.jpg;1
322;https://dev.velox.ec/maxxicomp/upload/fotos/4711085931474.jpg;1
323;https://dev.velox.ec/maxxicomp/upload/fotos/843591077194.jpg;1
324;https://dev.velox.ec/maxxicomp/upload/fotos/649528824462.jpg;1
325;https://dev.velox.ec/maxxicomp/upload/fotos/840006629658.jpg;1
326;https://dev.velox.ec/maxxicomp/upload/fotos/649528900456.jpg;1
327;https://dev.velox.ec/maxxicomp/upload/fotos/841517051433.jpg;1
328;https://dev.velox.ec/maxxicomp/upload/fotos/841517051648.jpg;1
329;https://dev.velox.ec/maxxicomp/upload/fotos/193905242795.jpg;1
330;https://dev.velox.ec/maxxicomp/upload/fotos/KCP426SS816.jpg;1
331;https://dev.velox.ec/maxxicomp/upload/fotos/740617318579.jpg;1
332;https://dev.velox.ec/maxxicomp/upload/fotos/740617296532.jpg;1
333;https://dev.velox.ec/maxxicomp/upload/fotos/740617319910.jpg;1
334;https://dev.velox.ec/maxxicomp/upload/fotos/740617318449.jpg;1
335;https://dev.velox.ec/maxxicomp/upload/fotos/740617280630.jpg;1
336;https://dev.velox.ec/maxxicomp/upload/fotos/ARTEC0011101.jpg;1
337;https://dev.velox.ec/maxxicomp/upload/fotos/740617296327.jpg;1
338;https://dev.velox.ec/maxxicomp/upload/fotos/846651029119.jpg;1
339;https://dev.velox.ec/maxxicomp/upload/fotos/740617283884.jpg;1
340;https://dev.velox.ec/maxxicomp/upload/fotos/765441653177.jpg;1
341;https://dev.velox.ec/maxxicomp/upload/fotos/4712847098701.jpg;1
342;https://dev.velox.ec/maxxicomp/upload/fotos/4711085931900.jpg;1
343;https://dev.velox.ec/maxxicomp/upload/fotos/4711085931276.jpg;1
344;https://dev.velox.ec/maxxicomp/upload/fotos/4711085931054.jpg;1
345;https://dev.velox.ec/maxxicomp/upload/fotos/4711085931023.jpg;1
346;https://dev.velox.ec/maxxicomp/upload/fotos/4710273772899.jpg;1
347;https://dev.velox.ec/maxxicomp/upload/fotos/4713218469175.jpg;1
348;https://dev.velox.ec/maxxicomp/upload/fotos/4710273771106.jpg;1
349;https://dev.velox.ec/maxxicomp/upload/fotos/889523014264.jpg;1
350;https://dev.velox.ec/maxxicomp/upload/fotos/889523014271.jpg;1
351;https://dev.velox.ec/maxxicomp/upload/fotos/889523019351.jpg;1
352;https://dev.velox.ec/maxxicomp/upload/fotos/193015326439.jpg;1
353;https://dev.velox.ec/maxxicomp/upload/fotos/193015182691.jpg;1
354;https://dev.velox.ec/maxxicomp/upload/fotos/740617316681.jpg;1
355;https://dev.velox.ec/maxxicomp/upload/fotos/740617261219.jpg;1
356;https://dev.velox.ec/maxxicomp/upload/fotos/740617323047.jpg;1
357;https://dev.velox.ec/maxxicomp/upload/fotos/740617277357.jpg;1
358;https://dev.velox.ec/maxxicomp/upload/fotos/ST1000LM048.jpg;1
359;https://dev.velox.ec/maxxicomp/upload/fotos/DH961SEA45.jpg;1
360;https://dev.velox.ec/maxxicomp/upload/fotos/765441050372.jpg;1
361;https://dev.velox.ec/maxxicomp/upload/fotos/718037856322.jpg;1
362;https://dev.velox.ec/maxxicomp/upload/fotos/WD40PURZ.jpg;1
363;https://dev.velox.ec/maxxicomp/upload/fotos/718037883878.jpg;1
364;https://dev.velox.ec/maxxicomp/upload/fotos/712345670001.jpg;1
365;https://dev.velox.ec/maxxicomp/upload/fotos/4713218469274.jpg;1
366;https://dev.velox.ec/maxxicomp/upload/fotos/4710273770727.jpg;1
367;https://dev.velox.ec/maxxicomp/upload/fotos/4710562758979.jpg;1
368;https://dev.velox.ec/maxxicomp/upload/fotos/4710562757958.jpg;1
369;https://dev.velox.ec/maxxicomp/upload/fotos/192876745205.jpg;1
370;https://dev.velox.ec/maxxicomp/upload/fotos/840006616672.jpg;1
371;https://dev.velox.ec/maxxicomp/upload/fotos/840006624868.jpg;1
372;https://dev.velox.ec/maxxicomp/upload/fotos/6931858779784.jpg;1
373;https://dev.velox.ec/maxxicomp/upload/fotos/6931858790635.jpg;1
374;https://dev.velox.ec/maxxicomp/upload/fotos/6931858790772.jpg;1
375;https://dev.velox.ec/maxxicomp/upload/fotos/6931858790789.jpg;1
376;https://dev.velox.ec/maxxicomp/upload/fotos/6931858791441.jpg;1
377;https://dev.velox.ec/maxxicomp/upload/fotos/6931858791434.jpg;1
378;https://dev.velox.ec/maxxicomp/upload/fotos/824142205686.jpg;1
379;https://dev.velox.ec/maxxicomp/upload/fotos/842243019254.jpg;1
380;https://dev.velox.ec/maxxicomp/upload/fotos/038014010MAVFN14RGB.jpg;1
381;https://dev.velox.ec/maxxicomp/upload/fotos/884102048661.jpg;1
382;https://dev.velox.ec/maxxicomp/upload/fotos/6931858791038.jpg;1
383;https://dev.velox.ec/maxxicomp/upload/fotos/6931858791076.jpg;1
384;https://dev.velox.ec/maxxicomp/upload/fotos/5055492400703.jpg;1
385;https://dev.velox.ec/maxxicomp/upload/fotos/6931858791052.jpg;1
386;https://dev.velox.ec/maxxicomp/upload/fotos/6931858790956.jpg;1
387;https://dev.velox.ec/maxxicomp/upload/fotos/6931858791106.jpg;1
388;https://dev.velox.ec/maxxicomp/upload/fotos/4710562755978.jpg;1
389;https://dev.velox.ec/maxxicomp/upload/fotos/4718009157248.jpg;1
390;https://dev.velox.ec/maxxicomp/upload/fotos/884102054174.jpg;1
391;https://dev.velox.ec/maxxicomp/upload/fotos/884102053344.jpg;1
392;https://dev.velox.ec/maxxicomp/upload/fotos/840006620594.jpg;1
393;https://dev.velox.ec/maxxicomp/upload/fotos/840006619338.jpg;1
394;https://dev.velox.ec/maxxicomp/upload/fotos/843368034191.jpg;1
395;https://dev.velox.ec/maxxicomp/upload/fotos/6931858767965.jpg;1
396;https://dev.velox.ec/maxxicomp/upload/fotos/6931858767842.jpg;1
397;https://dev.velox.ec/maxxicomp/upload/fotos/6931858767941.jpg;1
398;https://dev.velox.ec/maxxicomp/upload/fotos/813567028628.jpg;1
399;https://dev.velox.ec/maxxicomp/upload/fotos/813567025573.jpg;1
400;https://dev.velox.ec/maxxicomp/upload/fotos/813567028659.jpg;1
401;https://dev.velox.ec/maxxicomp/upload/fotos/CS000GBT1L.jpg;1
402;https://dev.velox.ec/maxxicomp/upload/fotos/813567028710.jpg;1
403;https://dev.velox.ec/maxxicomp/upload/fotos/813567029038.jpg;1
404;https://dev.velox.ec/maxxicomp/upload/fotos/7862125251292.jpg;1
405;https://dev.velox.ec/maxxicomp/upload/fotos/15186000003.jpg;1
