id;Código de producto;imagen;imagen2;imagen3
1;ACC801;https://dev.velox.ec/saatec/upload/fotos/;.jpg;https://dev.velox.ec/saatec/upload/fotos/ACC801.jpg
2;ACC901-450;https://dev.velox.ec/saatec/upload/fotos/;.jpg;https://dev.velox.ec/saatec/upload/fotos/ACC901-450.jpg
3;acc638;https://dev.velox.ec/saatec/upload/fotos/;.jpg;https://dev.velox.ec/saatec/upload/fotos/acc638.jpg
4;AUD-USBIPH;https://dev.velox.ec/saatec/upload/fotos/;.jpg;https://dev.velox.ec/saatec/upload/fotos/AUD-USBIPH.jpg
5;aud750;https://dev.velox.ec/saatec/upload/fotos/;.jpg;https://dev.velox.ec/saatec/upload/fotos/aud750.jpg
6;AUD-XR6;https://dev.velox.ec/saatec/upload/fotos/;.jpg;https://dev.velox.ec/saatec/upload/fotos/AUD-XR6.jpg
7;HD-AUD-S8;https://dev.velox.ec/saatec/upload/fotos/;.jpg;https://dev.velox.ec/saatec/upload/fotos/HD-AUD-S8.jpg
8;MIC02B;https://dev.velox.ec/saatec/upload/fotos/;.jpg;https://dev.velox.ec/saatec/upload/fotos/MIC02B.jpg
9;MIC04SP;https://dev.velox.ec/saatec/upload/fotos/;.jpg;https://dev.velox.ec/saatec/upload/fotos/MIC04SP.jpg
10;AUD-04SU;https://dev.velox.ec/saatec/upload/fotos/;.jpg;https://dev.velox.ec/saatec/upload/fotos/AUD-04SU.jpg
11;MIC-M200C;https://dev.velox.ec/saatec/upload/fotos/;.jpg;https://dev.velox.ec/saatec/upload/fotos/MIC-M200C.jpg
12;AUD-M228;https://dev.velox.ec/saatec/upload/fotos/;.jpg;https://dev.velox.ec/saatec/upload/fotos/AUD-M228.jpg
13;MIC505;https://dev.velox.ec/saatec/upload/fotos/;.jpg;https://dev.velox.ec/saatec/upload/fotos/MIC505.jpg
14;ADAJBLJUM-BLACK;https://dev.velox.ec/saatec/upload/fotos/;.jpg;https://dev.velox.ec/saatec/upload/fotos/ADAJBLJUM-BLACK.jpg
15;ADAJBLJUM-B/Y;https://dev.velox.ec/saatec/upload/fotos/;.jpg;https://dev.velox.ec/saatec/upload/fotos/ADAJBLJUM-B/Y.jpg
16;ADAJBLJUMP-RED;https://dev.velox.ec/saatec/upload/fotos/;.jpg;https://dev.velox.ec/saatec/upload/fotos/ADAJBLJUMP-RED.jpg
17;AUD-HG8936;https://dev.velox.ec/saatec/upload/fotos/;.jpg;https://dev.velox.ec/saatec/upload/fotos/AUD-HG8936.jpg
18;AUD-440;https://dev.velox.ec/saatec/upload/fotos/;.jpg;https://dev.velox.ec/saatec/upload/fotos/AUD-440.jpg
19;AUD-RAZER1245;https://dev.velox.ec/saatec/upload/fotos/;.jpg;https://dev.velox.ec/saatec/upload/fotos/AUD-RAZER1245.jpg
20;AUD-RAZER1173;https://dev.velox.ec/saatec/upload/fotos/;.jpg;https://dev.velox.ec/saatec/upload/fotos/AUD-RAZER1173.jpg
21;AUD-RAZER1230;https://dev.velox.ec/saatec/upload/fotos/;.jpg;https://dev.velox.ec/saatec/upload/fotos/AUD-RAZER1230.jpg
22;AUD-RAZER1309;https://dev.velox.ec/saatec/upload/fotos/;.jpg;https://dev.velox.ec/saatec/upload/fotos/AUD-RAZER1309.jpg
23;AUD-RAZER1229;https://dev.velox.ec/saatec/upload/fotos/;.jpg;https://dev.velox.ec/saatec/upload/fotos/AUD-RAZER1229.jpg
24;AUD-REDRAGONH350RGB-;https://dev.velox.ec/saatec/upload/fotos/;.jpg;https://dev.velox.ec/saatec/upload/fotos/AUD-REDRAGONH350RGB-.jpg
25;AUD-REDRAGONH350W-RG;https://dev.velox.ec/saatec/upload/fotos/;.jpg;https://dev.velox.ec/saatec/upload/fotos/AUD-REDRAGONH350W-RG.jpg
26;AUDH901;https://dev.velox.ec/saatec/upload/fotos/;.jpg;https://dev.velox.ec/saatec/upload/fotos/AUDH901.jpg
27;AUD-REDRAGONH510-1;https://dev.velox.ec/saatec/upload/fotos/;.jpg;https://dev.velox.ec/saatec/upload/fotos/AUD-REDRAGONH510-1.jpg
28;AUD-AE-218S;https://dev.velox.ec/saatec/upload/fotos/;.jpg;https://dev.velox.ec/saatec/upload/fotos/AUD-AE-218S.jpg
29;HD-SN900;https://dev.velox.ec/saatec/upload/fotos/;.jpg;https://dev.velox.ec/saatec/upload/fotos/HD-SN900.jpg
30;HD-G10;https://dev.velox.ec/saatec/upload/fotos/;.jpg;https://dev.velox.ec/saatec/upload/fotos/HD-G10.jpg
31;AUD-XT-HS108;https://dev.velox.ec/saatec/upload/fotos/;.jpg;https://dev.velox.ec/saatec/upload/fotos/AUD-XT-HS108.jpg
32;AUD-I12;https://dev.velox.ec/saatec/upload/fotos/;.jpg;https://dev.velox.ec/saatec/upload/fotos/AUD-I12.jpg
33;AUD-XG6;https://dev.velox.ec/saatec/upload/fotos/;.jpg;https://dev.velox.ec/saatec/upload/fotos/AUD-XG6.jpg
34;AUD400B;https://dev.velox.ec/saatec/upload/fotos/;.jpg;https://dev.velox.ec/saatec/upload/fotos/AUD400B.jpg
35;AUD400R;https://dev.velox.ec/saatec/upload/fotos/;.jpg;https://dev.velox.ec/saatec/upload/fotos/AUD400R.jpg
36;AUDC200;https://dev.velox.ec/saatec/upload/fotos/;.jpg;https://dev.velox.ec/saatec/upload/fotos/AUDC200.jpg
37;aud295a;https://dev.velox.ec/saatec/upload/fotos/;.jpg;https://dev.velox.ec/saatec/upload/fotos/aud295a.jpg
38;AUD295S;https://dev.velox.ec/saatec/upload/fotos/;.jpg;https://dev.velox.ec/saatec/upload/fotos/AUD295S.jpg
39;AUDS16S;https://dev.velox.ec/saatec/upload/fotos/;.jpg;https://dev.velox.ec/saatec/upload/fotos/AUDS16S.jpg
40;aud21s;https://dev.velox.ec/saatec/upload/fotos/;.jpg;https://dev.velox.ec/saatec/upload/fotos/aud21s.jpg
41;AUD250EN;https://dev.velox.ec/saatec/upload/fotos/;.jpg;https://dev.velox.ec/saatec/upload/fotos/AUD250EN.jpg
42;AUDH100RZ;https://dev.velox.ec/saatec/upload/fotos/;.jpg;https://dev.velox.ec/saatec/upload/fotos/AUDH100RZ.jpg
43;AUD-RAZER1264;https://dev.velox.ec/saatec/upload/fotos/;.jpg;https://dev.velox.ec/saatec/upload/fotos/AUD-RAZER1264.jpg
44;AUD-RAZER1228;https://dev.velox.ec/saatec/upload/fotos/;.jpg;https://dev.velox.ec/saatec/upload/fotos/AUD-RAZER1228.jpg
45;AUD-RAZER1302;https://dev.velox.ec/saatec/upload/fotos/;.jpg;https://dev.velox.ec/saatec/upload/fotos/AUD-RAZER1302.jpg
46;AUD-TOS-D160R;https://dev.velox.ec/saatec/upload/fotos/;.jpg;https://dev.velox.ec/saatec/upload/fotos/AUD-TOS-D160R.jpg
47;AUD-TOS-D160B;https://dev.velox.ec/saatec/upload/fotos/;.jpg;https://dev.velox.ec/saatec/upload/fotos/AUD-TOS-D160B.jpg
48;CAM130;https://dev.velox.ec/saatec/upload/fotos/;.jpg;https://dev.velox.ec/saatec/upload/fotos/CAM130.jpg
49;CAM-PB2;https://dev.velox.ec/saatec/upload/fotos/;.jpg;https://dev.velox.ec/saatec/upload/fotos/CAM-PB2.jpg
50;CAM-C100;https://dev.velox.ec/saatec/upload/fotos/;.jpg;https://dev.velox.ec/saatec/upload/fotos/CAM-C100.jpg
51;CAMT310;https://dev.velox.ec/saatec/upload/fotos/;.jpg;https://dev.velox.ec/saatec/upload/fotos/CAMT310.jpg
52;CAM16VP;https://dev.velox.ec/saatec/upload/fotos/;.jpg;https://dev.velox.ec/saatec/upload/fotos/CAM16VP.jpg
53;CAM56VP;https://dev.velox.ec/saatec/upload/fotos/;.jpg;https://dev.velox.ec/saatec/upload/fotos/CAM56VP.jpg
54;CAM-E2000;https://dev.velox.ec/saatec/upload/fotos/;.jpg;https://dev.velox.ec/saatec/upload/fotos/CAM-E2000.jpg
55;CAM-BPR6;https://dev.velox.ec/saatec/upload/fotos/;.jpg;https://dev.velox.ec/saatec/upload/fotos/CAM-BPR6.jpg
56;camk;https://dev.velox.ec/saatec/upload/fotos/;.jpg;https://dev.velox.ec/saatec/upload/fotos/camk.jpg
57;camg;https://dev.velox.ec/saatec/upload/fotos/;.jpg;https://dev.velox.ec/saatec/upload/fotos/camg.jpg
58;CAMG4;https://dev.velox.ec/saatec/upload/fotos/;.jpg;https://dev.velox.ec/saatec/upload/fotos/CAMG4.jpg
59;CAM4;https://dev.velox.ec/saatec/upload/fotos/;.jpg;https://dev.velox.ec/saatec/upload/fotos/CAM4.jpg
60;CAMG5;https://dev.velox.ec/saatec/upload/fotos/;.jpg;https://dev.velox.ec/saatec/upload/fotos/CAMG5.jpg
61;CAMG6BLK;https://dev.velox.ec/saatec/upload/fotos/;.jpg;https://dev.velox.ec/saatec/upload/fotos/CAMG6BLK.jpg
62;CAM-RELOJ;https://dev.velox.ec/saatec/upload/fotos/;.jpg;https://dev.velox.ec/saatec/upload/fotos/CAM-RELOJ.jpg
63;cam320n;https://dev.velox.ec/saatec/upload/fotos/;.jpg;https://dev.velox.ec/saatec/upload/fotos/cam320n.jpg
64;CAM1000;https://dev.velox.ec/saatec/upload/fotos/;.jpg;https://dev.velox.ec/saatec/upload/fotos/CAM1000.jpg
65;CAM07;https://dev.velox.ec/saatec/upload/fotos/;.jpg;https://dev.velox.ec/saatec/upload/fotos/CAM07.jpg
66;CAM-REDRAGONGW600-1;https://dev.velox.ec/saatec/upload/fotos/;.jpg;https://dev.velox.ec/saatec/upload/fotos/CAM-REDRAGONGW600-1.jpg
67;CSE-K883COMBO;https://dev.velox.ec/saatec/upload/fotos/;.jpg;https://dev.velox.ec/saatec/upload/fotos/CSE-K883COMBO.jpg
68;CSE-AGI-C008;https://dev.velox.ec/saatec/upload/fotos/;.jpg;https://dev.velox.ec/saatec/upload/fotos/CSE-AGI-C008.jpg
69;CSE-K869;https://dev.velox.ec/saatec/upload/fotos/;.jpg;https://dev.velox.ec/saatec/upload/fotos/CSE-K869.jpg
70;CSE-870;https://dev.velox.ec/saatec/upload/fotos/;.jpg;https://dev.velox.ec/saatec/upload/fotos/CSE-870.jpg
71;CSE-K871;https://dev.velox.ec/saatec/upload/fotos/;.jpg;https://dev.velox.ec/saatec/upload/fotos/CSE-K871.jpg
72;CSE-K872;https://dev.velox.ec/saatec/upload/fotos/;.jpg;https://dev.velox.ec/saatec/upload/fotos/CSE-K872.jpg
73;CSE-K873;https://dev.velox.ec/saatec/upload/fotos/;.jpg;https://dev.velox.ec/saatec/upload/fotos/CSE-K873.jpg
74;CSE-K874;https://dev.velox.ec/saatec/upload/fotos/;.jpg;https://dev.velox.ec/saatec/upload/fotos/CSE-K874.jpg
75;CSE-K876;https://dev.velox.ec/saatec/upload/fotos/;.jpg;https://dev.velox.ec/saatec/upload/fotos/CSE-K876.jpg
76;CSE-K878;https://dev.velox.ec/saatec/upload/fotos/;.jpg;https://dev.velox.ec/saatec/upload/fotos/CSE-K878.jpg
77;CSE-K881;https://dev.velox.ec/saatec/upload/fotos/;.jpg;https://dev.velox.ec/saatec/upload/fotos/CSE-K881.jpg
78;CSE-K885;https://dev.velox.ec/saatec/upload/fotos/;.jpg;https://dev.velox.ec/saatec/upload/fotos/CSE-K885.jpg
79;cse-riat10;https://dev.velox.ec/saatec/upload/fotos/;.jpg;https://dev.velox.ec/saatec/upload/fotos/cse-riat10.jpg
80;HDD1EXSR;https://dev.velox.ec/saatec/upload/fotos/;.jpg;https://dev.velox.ec/saatec/upload/fotos/HDD1EXSR.jpg
81;HDD2TEXT-710;https://dev.velox.ec/saatec/upload/fotos/;.jpg;https://dev.velox.ec/saatec/upload/fotos/HDD2TEXT-710.jpg
82;HDD2EXTM;https://dev.velox.ec/saatec/upload/fotos/;.jpg;https://dev.velox.ec/saatec/upload/fotos/HDD2EXTM.jpg
83;HDD2EXT;https://dev.velox.ec/saatec/upload/fotos/;.jpg;https://dev.velox.ec/saatec/upload/fotos/HDD2EXT.jpg
84;HDD4EXT-710;https://dev.velox.ec/saatec/upload/fotos/;.jpg;https://dev.velox.ec/saatec/upload/fotos/HDD4EXT-710.jpg
85;HDD1TPL-T;https://dev.velox.ec/saatec/upload/fotos/;.jpg;https://dev.velox.ec/saatec/upload/fotos/HDD1TPL-T.jpg
86;HDD-2TAWA;https://dev.velox.ec/saatec/upload/fotos/;.jpg;https://dev.velox.ec/saatec/upload/fotos/HDD-2TAWA.jpg
87;HDD3TWP;https://dev.velox.ec/saatec/upload/fotos/;.jpg;https://dev.velox.ec/saatec/upload/fotos/HDD3TWP.jpg
88;HDD120SSD;https://dev.velox.ec/saatec/upload/fotos/;.jpg;https://dev.velox.ec/saatec/upload/fotos/HDD120SSD.jpg
89;HDD1TB-SU650;https://dev.velox.ec/saatec/upload/fotos/;.jpg;https://dev.velox.ec/saatec/upload/fotos/HDD1TB-SU650.jpg
90;HDD240SG;https://dev.velox.ec/saatec/upload/fotos/;.jpg;https://dev.velox.ec/saatec/upload/fotos/HDD240SG.jpg
91;HDS-256GM.2;https://dev.velox.ec/saatec/upload/fotos/;.jpg;https://dev.velox.ec/saatec/upload/fotos/HDS-256GM.2.jpg
92;HDD480GB;https://dev.velox.ec/saatec/upload/fotos/;.jpg;https://dev.velox.ec/saatec/upload/fotos/HDD480GB.jpg
93;HDD500S-SU800;https://dev.velox.ec/saatec/upload/fotos/;.jpg;https://dev.velox.ec/saatec/upload/fotos/HDD500S-SU800.jpg
94;HDD960S-SU630;https://dev.velox.ec/saatec/upload/fotos/;.jpg;https://dev.velox.ec/saatec/upload/fotos/HDD960S-SU630.jpg
95;HDD-SSDEXT240G;https://dev.velox.ec/saatec/upload/fotos/;.jpg;https://dev.velox.ec/saatec/upload/fotos/HDD-SSDEXT240G.jpg
96;HDD-SSDEXT512GB;https://dev.velox.ec/saatec/upload/fotos/;.jpg;https://dev.velox.ec/saatec/upload/fotos/HDD-SSDEXT512GB.jpg
97;FUE-GP450B;https://dev.velox.ec/saatec/upload/fotos/;.jpg;https://dev.velox.ec/saatec/upload/fotos/FUE-GP450B.jpg
98;FUE-GOLDPRO500;https://dev.velox.ec/saatec/upload/fotos/;.jpg;https://dev.velox.ec/saatec/upload/fotos/FUE-GOLDPRO500.jpg
99;FUE-PRO580;https://dev.velox.ec/saatec/upload/fotos/;.jpg;https://dev.velox.ec/saatec/upload/fotos/FUE-PRO580.jpg
100;FUE-PRO590;https://dev.velox.ec/saatec/upload/fotos/;.jpg;https://dev.velox.ec/saatec/upload/fotos/FUE-PRO590.jpg
101;FUE750W;https://dev.velox.ec/saatec/upload/fotos/;.jpg;https://dev.velox.ec/saatec/upload/fotos/FUE750W.jpg
102;IMP-3210;https://dev.velox.ec/saatec/upload/fotos/;.jpg;https://dev.velox.ec/saatec/upload/fotos/IMP-3210.jpg
103;CONT-RAZER1241;https://dev.velox.ec/saatec/upload/fotos/;.jpg;https://dev.velox.ec/saatec/upload/fotos/CONT-RAZER1241.jpg
104;CONT-RAZER1243;https://dev.velox.ec/saatec/upload/fotos/;.jpg;https://dev.velox.ec/saatec/upload/fotos/CONT-RAZER1243.jpg
105;PARQ160-IG;https://dev.velox.ec/saatec/upload/fotos/;.jpg;https://dev.velox.ec/saatec/upload/fotos/PARQ160-IG.jpg
106;PARQ160-O;https://dev.velox.ec/saatec/upload/fotos/;.jpg;https://dev.velox.ec/saatec/upload/fotos/PARQ160-O.jpg
107;PARQ160-R;https://dev.velox.ec/saatec/upload/fotos/;.jpg;https://dev.velox.ec/saatec/upload/fotos/PARQ160-R.jpg
108;PARQ180-B;https://dev.velox.ec/saatec/upload/fotos/;.jpg;https://dev.velox.ec/saatec/upload/fotos/PARQ180-B.jpg
109;PARQ180-IG;https://dev.velox.ec/saatec/upload/fotos/;.jpg;https://dev.velox.ec/saatec/upload/fotos/PARQ180-IG.jpg
110;PARQ180-O;https://dev.velox.ec/saatec/upload/fotos/;.jpg;https://dev.velox.ec/saatec/upload/fotos/PARQ180-O.jpg
111;PARQ180-R;https://dev.velox.ec/saatec/upload/fotos/;.jpg;https://dev.velox.ec/saatec/upload/fotos/PARQ180-R.jpg
112;PAR3500;https://dev.velox.ec/saatec/upload/fotos/;.jpg;https://dev.velox.ec/saatec/upload/fotos/PAR3500.jpg
113;HD-E11;https://dev.velox.ec/saatec/upload/fotos/;.jpg;https://dev.velox.ec/saatec/upload/fotos/HD-E11.jpg
114;HD-JT016;https://dev.velox.ec/saatec/upload/fotos/;.jpg;https://dev.velox.ec/saatec/upload/fotos/HD-JT016.jpg
115;BS-KSB250;https://dev.velox.ec/saatec/upload/fotos/;.jpg;https://dev.velox.ec/saatec/upload/fotos/BS-KSB250.jpg
116;par600;https://dev.velox.ec/saatec/upload/fotos/;.jpg;https://dev.velox.ec/saatec/upload/fotos/par600.jpg
117;PAR-S001;https://dev.velox.ec/saatec/upload/fotos/;.jpg;https://dev.velox.ec/saatec/upload/fotos/PAR-S001.jpg
118;PARBX;https://dev.velox.ec/saatec/upload/fotos/;.jpg;https://dev.velox.ec/saatec/upload/fotos/PARBX.jpg
119;LAP-ACER-SP314-54N-5;https://dev.velox.ec/saatec/upload/fotos/;.jpg;https://dev.velox.ec/saatec/upload/fotos/LAP-ACER-SP314-54N-5.jpg
120;LAP-ASUS-I31115;https://dev.velox.ec/saatec/upload/fotos/;.jpg;https://dev.velox.ec/saatec/upload/fotos/LAP-ASUS-I31115.jpg
121;LAP-ASUS-I7-1065;https://dev.velox.ec/saatec/upload/fotos/;.jpg;https://dev.velox.ec/saatec/upload/fotos/LAP-ASUS-I7-1065.jpg
122;LAPI7-S512F;https://dev.velox.ec/saatec/upload/fotos/;.jpg;https://dev.velox.ec/saatec/upload/fotos/LAPI7-S512F.jpg
123;LAP-TOSCELERON;https://dev.velox.ec/saatec/upload/fotos/;.jpg;https://dev.velox.ec/saatec/upload/fotos/LAP-TOSCELERON.jpg
124;LAP-14-DK1032;https://dev.velox.ec/saatec/upload/fotos/;.jpg;https://dev.velox.ec/saatec/upload/fotos/LAP-14-DK1032.jpg
125;LAP-HP-14-DQ2045CL;https://dev.velox.ec/saatec/upload/fotos/;.jpg;https://dev.velox.ec/saatec/upload/fotos/LAP-HP-14-DQ2045CL.jpg
126;LAPHPI39K15UA;https://dev.velox.ec/saatec/upload/fotos/;.jpg;https://dev.velox.ec/saatec/upload/fotos/LAPHPI39K15UA.jpg
127;LAP-HP-I7-1165G7;https://dev.velox.ec/saatec/upload/fotos/;.jpg;https://dev.velox.ec/saatec/upload/fotos/LAP-HP-I7-1165G7.jpg
128;LAP-LEN81XPG;https://dev.velox.ec/saatec/upload/fotos/;.jpg;https://dev.velox.ec/saatec/upload/fotos/LAP-LEN81XPG.jpg
129;LAP-LEN81X;https://dev.velox.ec/saatec/upload/fotos/;.jpg;https://dev.velox.ec/saatec/upload/fotos/LAP-LEN81X.jpg
130;LAP-LEN81XAL;https://dev.velox.ec/saatec/upload/fotos/;.jpg;https://dev.velox.ec/saatec/upload/fotos/LAP-LEN81XAL.jpg
131;LAP-LENI7-1065;https://dev.velox.ec/saatec/upload/fotos/;.jpg;https://dev.velox.ec/saatec/upload/fotos/LAP-LENI7-1065.jpg
132;LAP-LENRYZEN782L;https://dev.velox.ec/saatec/upload/fotos/;.jpg;https://dev.velox.ec/saatec/upload/fotos/LAP-LENRYZEN782L.jpg
133;LAP-LENRZ5-82B;https://dev.velox.ec/saatec/upload/fotos/;.jpg;https://dev.velox.ec/saatec/upload/fotos/LAP-LENRZ5-82B.jpg
134;LAP-RYZEN5-17;https://dev.velox.ec/saatec/upload/fotos/;.jpg;https://dev.velox.ec/saatec/upload/fotos/LAP-RYZEN5-17.jpg
135;LAP-LENOVO-YOGA7-15I;https://dev.velox.ec/saatec/upload/fotos/;.jpg;https://dev.velox.ec/saatec/upload/fotos/LAP-LENOVO-YOGA7-15I.jpg
136;ROU-844N;https://dev.velox.ec/saatec/upload/fotos/;.jpg;https://dev.velox.ec/saatec/upload/fotos/ROU-844N.jpg
137;ROU940T-450;https://dev.velox.ec/saatec/upload/fotos/;.jpg;https://dev.velox.ec/saatec/upload/fotos/ROU940T-450.jpg
138;ROU-C64A;https://dev.velox.ec/saatec/upload/fotos/;.jpg;https://dev.velox.ec/saatec/upload/fotos/ROU-C64A.jpg
139;KIT-REDRAGONS101-BA-;https://dev.velox.ec/saatec/upload/fotos/;.jpg;https://dev.velox.ec/saatec/upload/fotos/KIT-REDRAGONS101-BA-.jpg
140;TEC+MOU+PAD-RZ1276;https://dev.velox.ec/saatec/upload/fotos/;.jpg;https://dev.velox.ec/saatec/upload/fotos/TEC+MOU+PAD-RZ1276.jpg
141;TEC-8100;https://dev.velox.ec/saatec/upload/fotos/;.jpg;https://dev.velox.ec/saatec/upload/fotos/TEC-8100.jpg
142;TECKM-8200;https://dev.velox.ec/saatec/upload/fotos/;.jpg;https://dev.velox.ec/saatec/upload/fotos/TECKM-8200.jpg
143;TECKM-160;https://dev.velox.ec/saatec/upload/fotos/;.jpg;https://dev.velox.ec/saatec/upload/fotos/TECKM-160.jpg
144;TEC-C126;https://dev.velox.ec/saatec/upload/fotos/;.jpg;https://dev.velox.ec/saatec/upload/fotos/TEC-C126.jpg
145;TEC-KM200;https://dev.velox.ec/saatec/upload/fotos/;.jpg;https://dev.velox.ec/saatec/upload/fotos/TEC-KM200.jpg
146;TECK400L;https://dev.velox.ec/saatec/upload/fotos/;.jpg;https://dev.velox.ec/saatec/upload/fotos/TECK400L.jpg
147;TEC220;https://dev.velox.ec/saatec/upload/fotos/;.jpg;https://dev.velox.ec/saatec/upload/fotos/TEC220.jpg
148;TECL270;https://dev.velox.ec/saatec/upload/fotos/;.jpg;https://dev.velox.ec/saatec/upload/fotos/TECL270.jpg
149;tecom-wei;https://dev.velox.ec/saatec/upload/fotos/;.jpg;https://dev.velox.ec/saatec/upload/fotos/tecom-wei.jpg
150;TEC100L;https://dev.velox.ec/saatec/upload/fotos/;.jpg;https://dev.velox.ec/saatec/upload/fotos/TEC100L.jpg
151;TEC126;https://dev.velox.ec/saatec/upload/fotos/;.jpg;https://dev.velox.ec/saatec/upload/fotos/TEC126.jpg
152;TECKB-100;https://dev.velox.ec/saatec/upload/fotos/;.jpg;https://dev.velox.ec/saatec/upload/fotos/TECKB-100.jpg
153;TECL120;https://dev.velox.ec/saatec/upload/fotos/;.jpg;https://dev.velox.ec/saatec/upload/fotos/TECL120.jpg
154;TEC-270I;https://dev.velox.ec/saatec/upload/fotos/;.jpg;https://dev.velox.ec/saatec/upload/fotos/TEC-270I.jpg
155;TEC-K830;https://dev.velox.ec/saatec/upload/fotos/;.jpg;https://dev.velox.ec/saatec/upload/fotos/TEC-K830.jpg
156;tec110nu;https://dev.velox.ec/saatec/upload/fotos/;.jpg;https://dev.velox.ec/saatec/upload/fotos/tec110nu.jpg
157;TEC-RAZER1240;https://dev.velox.ec/saatec/upload/fotos/;.jpg;https://dev.velox.ec/saatec/upload/fotos/TEC-RAZER1240.jpg
158;TEC-RO;https://dev.velox.ec/saatec/upload/fotos/;.jpg;https://dev.velox.ec/saatec/upload/fotos/TEC-RO.jpg
159;TEC-REDRAGONK503A-RG;https://dev.velox.ec/saatec/upload/fotos/;.jpg;https://dev.velox.ec/saatec/upload/fotos/TEC-REDRAGONK503A-RG.jpg
160;TEC-AK910;https://dev.velox.ec/saatec/upload/fotos/;.jpg;https://dev.velox.ec/saatec/upload/fotos/TEC-AK910.jpg
161;TEC-AK837;https://dev.velox.ec/saatec/upload/fotos/;.jpg;https://dev.velox.ec/saatec/upload/fotos/TEC-AK837.jpg
162;HD-TCL-FLEX;https://dev.velox.ec/saatec/upload/fotos/;.jpg;https://dev.velox.ec/saatec/upload/fotos/HD-TCL-FLEX.jpg
163;MON19-20MK400HB;https://dev.velox.ec/saatec/upload/fotos/;.jpg;https://dev.velox.ec/saatec/upload/fotos/MON19-20MK400HB.jpg
164;MON-SAM18.5;https://dev.velox.ec/saatec/upload/fotos/;.jpg;https://dev.velox.ec/saatec/upload/fotos/MON-SAM18.5.jpg
165;MON-SAM24;https://dev.velox.ec/saatec/upload/fotos/;.jpg;https://dev.velox.ec/saatec/upload/fotos/MON-SAM24.jpg
166;MONVA1903H;https://dev.velox.ec/saatec/upload/fotos/;.jpg;https://dev.velox.ec/saatec/upload/fotos/MONVA1903H.jpg
167;MOU-PADREDRAGONM601W;https://dev.velox.ec/saatec/upload/fotos/;.jpg;https://dev.velox.ec/saatec/upload/fotos/MOU-PADREDRAGONM601W.jpg
168;mou915;https://dev.velox.ec/saatec/upload/fotos/;.jpg;https://dev.velox.ec/saatec/upload/fotos/mou915.jpg
169;MOU110AZ;https://dev.velox.ec/saatec/upload/fotos/;.jpg;https://dev.velox.ec/saatec/upload/fotos/MOU110AZ.jpg
170;MOU110N;https://dev.velox.ec/saatec/upload/fotos/;.jpg;https://dev.velox.ec/saatec/upload/fotos/MOU110N.jpg
171;MOU8100R;https://dev.velox.ec/saatec/upload/fotos/;.jpg;https://dev.velox.ec/saatec/upload/fotos/MOU8100R.jpg
172;MOU610G;https://dev.velox.ec/saatec/upload/fotos/;.jpg;https://dev.velox.ec/saatec/upload/fotos/MOU610G.jpg
173;MOU-MTB;https://dev.velox.ec/saatec/upload/fotos/;.jpg;https://dev.velox.ec/saatec/upload/fotos/MOU-MTB.jpg
174;MOU-MTN;https://dev.velox.ec/saatec/upload/fotos/;.jpg;https://dev.velox.ec/saatec/upload/fotos/MOU-MTN.jpg
175;MOU-MTR;https://dev.velox.ec/saatec/upload/fotos/;.jpg;https://dev.velox.ec/saatec/upload/fotos/MOU-MTR.jpg
176;MOU-MTS;https://dev.velox.ec/saatec/upload/fotos/;.jpg;https://dev.velox.ec/saatec/upload/fotos/MOU-MTS.jpg
177;MOU7000N;https://dev.velox.ec/saatec/upload/fotos/;.jpg;https://dev.velox.ec/saatec/upload/fotos/MOU7000N.jpg
178;MOUXG200N;https://dev.velox.ec/saatec/upload/fotos/;.jpg;https://dev.velox.ec/saatec/upload/fotos/MOUXG200N.jpg
179;MOU111K;https://dev.velox.ec/saatec/upload/fotos/;.jpg;https://dev.velox.ec/saatec/upload/fotos/MOU111K.jpg
180;MOU100ML;https://dev.velox.ec/saatec/upload/fotos/;.jpg;https://dev.velox.ec/saatec/upload/fotos/MOU100ML.jpg
181;MOU-110AZ;https://dev.velox.ec/saatec/upload/fotos/;.jpg;https://dev.velox.ec/saatec/upload/fotos/MOU-110AZ.jpg
182;MOUL110L;https://dev.velox.ec/saatec/upload/fotos/;.jpg;https://dev.velox.ec/saatec/upload/fotos/MOUL110L.jpg
183;MOU170LA;https://dev.velox.ec/saatec/upload/fotos/;.jpg;https://dev.velox.ec/saatec/upload/fotos/MOU170LA.jpg
184;MOU170PL;https://dev.velox.ec/saatec/upload/fotos/;.jpg;https://dev.velox.ec/saatec/upload/fotos/MOU170PL.jpg
185;MOU170LR;https://dev.velox.ec/saatec/upload/fotos/;.jpg;https://dev.velox.ec/saatec/upload/fotos/MOU170LR.jpg
186;MOU3600MR;https://dev.velox.ec/saatec/upload/fotos/;.jpg;https://dev.velox.ec/saatec/upload/fotos/MOU3600MR.jpg
187;MOU-PS2M;https://dev.velox.ec/saatec/upload/fotos/;.jpg;https://dev.velox.ec/saatec/upload/fotos/MOU-PS2M.jpg
188;MOU-N030;https://dev.velox.ec/saatec/upload/fotos/;.jpg;https://dev.velox.ec/saatec/upload/fotos/MOU-N030.jpg
189;MOUPAD-REDRAGONP030;https://dev.velox.ec/saatec/upload/fotos/;.jpg;https://dev.velox.ec/saatec/upload/fotos/MOUPAD-REDRAGONP030.jpg
190;MOUPAD-REDRAGONP031;https://dev.velox.ec/saatec/upload/fotos/;.jpg;https://dev.velox.ec/saatec/upload/fotos/MOUPAD-REDRAGONP031.jpg
191;MOUPAD-REDAGONP032;https://dev.velox.ec/saatec/upload/fotos/;.jpg;https://dev.velox.ec/saatec/upload/fotos/MOUPAD-REDAGONP032.jpg
192;MOURZIN;https://dev.velox.ec/saatec/upload/fotos/;.jpg;https://dev.velox.ec/saatec/upload/fotos/MOURZIN.jpg
193;MOURZIBL;https://dev.velox.ec/saatec/upload/fotos/;.jpg;https://dev.velox.ec/saatec/upload/fotos/MOURZIBL.jpg
194;MOUPAD-G35;https://dev.velox.ec/saatec/upload/fotos/;.jpg;https://dev.velox.ec/saatec/upload/fotos/MOUPAD-G35.jpg
195;MOUPAD-G37;https://dev.velox.ec/saatec/upload/fotos/;.jpg;https://dev.velox.ec/saatec/upload/fotos/MOUPAD-G37.jpg
196;MOU-RAZER1223;https://dev.velox.ec/saatec/upload/fotos/;.jpg;https://dev.velox.ec/saatec/upload/fotos/MOU-RAZER1223.jpg
197;MOU-RAZER1164;https://dev.velox.ec/saatec/upload/fotos/;.jpg;https://dev.velox.ec/saatec/upload/fotos/MOU-RAZER1164.jpg
198;MOU-RAZER1244;https://dev.velox.ec/saatec/upload/fotos/;.jpg;https://dev.velox.ec/saatec/upload/fotos/MOU-RAZER1244.jpg
199;MOU-PAPMAFI;https://dev.velox.ec/saatec/upload/fotos/;.jpg;https://dev.velox.ec/saatec/upload/fotos/MOU-PAPMAFI.jpg
200;MOU-RAZER1305;https://dev.velox.ec/saatec/upload/fotos/;.jpg;https://dev.velox.ec/saatec/upload/fotos/MOU-RAZER1305.jpg
201;MOU-REDRAGONM711;https://dev.velox.ec/saatec/upload/fotos/;.jpg;https://dev.velox.ec/saatec/upload/fotos/MOU-REDRAGONM711.jpg
202;MOU-A-32;https://dev.velox.ec/saatec/upload/fotos/;.jpg;https://dev.velox.ec/saatec/upload/fotos/MOU-A-32.jpg
203;MOU-A-33;https://dev.velox.ec/saatec/upload/fotos/;.jpg;https://dev.velox.ec/saatec/upload/fotos/MOU-A-33.jpg
204;MOU-A-40;https://dev.velox.ec/saatec/upload/fotos/;.jpg;https://dev.velox.ec/saatec/upload/fotos/MOU-A-40.jpg
205;MOU-A-41;https://dev.velox.ec/saatec/upload/fotos/;.jpg;https://dev.velox.ec/saatec/upload/fotos/MOU-A-41.jpg
206;MOU-A-501;https://dev.velox.ec/saatec/upload/fotos/;.jpg;https://dev.velox.ec/saatec/upload/fotos/MOU-A-501.jpg
207;MOU-A-69G;https://dev.velox.ec/saatec/upload/fotos/;.jpg;https://dev.velox.ec/saatec/upload/fotos/MOU-A-69G.jpg
208;MOU-A-71G;https://dev.velox.ec/saatec/upload/fotos/;.jpg;https://dev.velox.ec/saatec/upload/fotos/MOU-A-71G.jpg
209;MOU-A-72G;https://dev.velox.ec/saatec/upload/fotos/;.jpg;https://dev.velox.ec/saatec/upload/fotos/MOU-A-72G.jpg
210;MOU-3017;https://dev.velox.ec/saatec/upload/fotos/;.jpg;https://dev.velox.ec/saatec/upload/fotos/MOU-3017.jpg
211;MOU193N;https://dev.velox.ec/saatec/upload/fotos/;.jpg;https://dev.velox.ec/saatec/upload/fotos/MOU193N.jpg
212;PARK143N;https://dev.velox.ec/saatec/upload/fotos/;.jpg;https://dev.velox.ec/saatec/upload/fotos/PARK143N.jpg
213;PAR2.1AZ;https://dev.velox.ec/saatec/upload/fotos/;.jpg;https://dev.velox.ec/saatec/upload/fotos/PAR2.1AZ.jpg
214;HD-E02A;https://dev.velox.ec/saatec/upload/fotos/;.jpg;https://dev.velox.ec/saatec/upload/fotos/HD-E02A.jpg
215;PAR-SB100;https://dev.velox.ec/saatec/upload/fotos/;.jpg;https://dev.velox.ec/saatec/upload/fotos/PAR-SB100.jpg
216;parob;https://dev.velox.ec/saatec/upload/fotos/;.jpg;https://dev.velox.ec/saatec/upload/fotos/parob.jpg
217;paron;https://dev.velox.ec/saatec/upload/fotos/;.jpg;https://dev.velox.ec/saatec/upload/fotos/paron.jpg
218;PARJBLGO2N;https://dev.velox.ec/saatec/upload/fotos/;.jpg;https://dev.velox.ec/saatec/upload/fotos/PARJBLGO2N.jpg
219;PARJBL-XTREME2N;https://dev.velox.ec/saatec/upload/fotos/;.jpg;https://dev.velox.ec/saatec/upload/fotos/PARJBL-XTREME2N.jpg
220;PAR-MAVC;https://dev.velox.ec/saatec/upload/fotos/;.jpg;https://dev.velox.ec/saatec/upload/fotos/PAR-MAVC.jpg
221;PARMINI600N;https://dev.velox.ec/saatec/upload/fotos/;.jpg;https://dev.velox.ec/saatec/upload/fotos/PARMINI600N.jpg
222;PAR-SP-HF180MAD;https://dev.velox.ec/saatec/upload/fotos/;.jpg;https://dev.velox.ec/saatec/upload/fotos/PAR-SP-HF180MAD.jpg
223;PAR-SP-HF180;https://dev.velox.ec/saatec/upload/fotos/;.jpg;https://dev.velox.ec/saatec/upload/fotos/PAR-SP-HF180.jpg
224;ADA-UC400;https://dev.velox.ec/saatec/upload/fotos/;.jpg;https://dev.velox.ec/saatec/upload/fotos/ADA-UC400.jpg
225;ADA600-NANO;https://dev.velox.ec/saatec/upload/fotos/;.jpg;https://dev.velox.ec/saatec/upload/fotos/ADA600-NANO.jpg
226;ADA1300;https://dev.velox.ec/saatec/upload/fotos/;.jpg;https://dev.velox.ec/saatec/upload/fotos/ADA1300.jpg
227;ADA725;https://dev.velox.ec/saatec/upload/fotos/;.jpg;https://dev.velox.ec/saatec/upload/fotos/ADA725.jpg
228;ADA823;https://dev.velox.ec/saatec/upload/fotos/;.jpg;https://dev.velox.ec/saatec/upload/fotos/ADA823.jpg
