Product ID;Nombre;Referencia;;;URL
7;CELULAR BLU G50 MEGA 2022 (32GB);1003104;https://salvacerohomecenter.com/fotos/;.jpg;https://salvacerohomecenter.com/fotos/1003104.jpg
8;CELULAR BLU J91 1GH (32GB);100379;https://salvacerohomecenter.com/fotos/;.jpg;https://salvacerohomecenter.com/fotos/100379.jpg
9;CELULAR HUAWEY HUAY9 (128GB);99352521;https://salvacerohomecenter.com/fotos/;.jpg;https://salvacerohomecenter.com/fotos/99352521.jpg
10;CELULAR NFINIX NOTE (256GB);670SN256;https://salvacerohomecenter.com/fotos/;.jpg;https://salvacerohomecenter.com/fotos/670SN256.jpg
11;CELULAR REALME  C3 (64 GB);99351642;https://salvacerohomecenter.com/fotos/;.jpg;https://salvacerohomecenter.com/fotos/99351642.jpg
12;CELULAR REALME 6 (64 GB);99352146;https://salvacerohomecenter.com/fotos/;.jpg;https://salvacerohomecenter.com/fotos/99352146.jpg
13;CELULAR REALME 6 PRO;99352149;https://salvacerohomecenter.com/fotos/;.jpg;https://salvacerohomecenter.com/fotos/99352149.jpg
14;CELULAR REDMI 9 C (32GB);8;https://salvacerohomecenter.com/fotos/;.jpg;https://salvacerohomecenter.com/fotos/8.jpg
15;CELULAR SAMSUNG M51 (6RAM | 128 GB);99352776;https://salvacerohomecenter.com/fotos/;.jpg;https://salvacerohomecenter.com/fotos/99352776.jpg
16;CELULAR SAMSUNG A13 (128GB);54;https://salvacerohomecenter.com/fotos/;.jpg;https://salvacerohomecenter.com/fotos/54.jpg
17;CELULAR SAMSUNG A13 64GB;75;https://salvacerohomecenter.com/fotos/;.jpg;https://salvacerohomecenter.com/fotos/75.jpg
18;CELULAR SAMSUNG A22 (128GB);6;https://salvacerohomecenter.com/fotos/;.jpg;https://salvacerohomecenter.com/fotos/6.jpg
19;CELULAR SAMSUNG A23 (128GB);52;https://salvacerohomecenter.com/fotos/;.jpg;https://salvacerohomecenter.com/fotos/52.jpg
20;CELULAR SAMSUNG A33 (128GB);43;https://salvacerohomecenter.com/fotos/;.jpg;https://salvacerohomecenter.com/fotos/43.jpg
21;CELULAR SAMSUNG A53 5G (128GB);53;https://salvacerohomecenter.com/fotos/;.jpg;https://salvacerohomecenter.com/fotos/53.jpg
22;CELULAR TCL 5130 (32 GB);99352796;https://salvacerohomecenter.com/fotos/;.jpg;https://salvacerohomecenter.com/fotos/99352796.jpg
23;CELULAR TCL 6125F (64 GB);99353117;https://salvacerohomecenter.com/fotos/;.jpg;https://salvacerohomecenter.com/fotos/99353117.jpg
24;CHIPS (VARIAS OPERADORA);40;https://salvacerohomecenter.com/fotos/;.jpg;https://salvacerohomecenter.com/fotos/40.jpg
25;FORRO PARA CELULAR;99352261;https://salvacerohomecenter.com/fotos/;.jpg;https://salvacerohomecenter.com/fotos/99352261.jpg
26;"LAPTOP HP 245 G7 (4GB | 1TB | 14"")";99352252;https://salvacerohomecenter.com/fotos/;.jpg;https://salvacerohomecenter.com/fotos/99352252.jpg
27;"LAPTOP HP 14DK1022WM (4GB | SSD128 | 14"")";99352924;https://salvacerohomecenter.com/fotos/;.jpg;https://salvacerohomecenter.com/fotos/99352924.jpg
28;IMPRESORA BROTHER DCPT920;99353024;https://salvacerohomecenter.com/fotos/;.jpg;https://salvacerohomecenter.com/fotos/99353024.jpg
29;IMPRESORA CANON G2110 MULTIFUNCIONAL;KMBD87569;https://salvacerohomecenter.com/fotos/;.jpg;https://salvacerohomecenter.com/fotos/KMBD87569.jpg
30;IMPRESORA CANON G2160 MULTIFUNCIONAL;KMBD87640;https://salvacerohomecenter.com/fotos/;.jpg;https://salvacerohomecenter.com/fotos/KMBD87640.jpg
31;IMPRESORA CANON G3110 MULTIFUNCIONAL;KMBD87646;https://salvacerohomecenter.com/fotos/;.jpg;https://salvacerohomecenter.com/fotos/KMBD87646.jpg
32;IMPRESORA HP 2135;99350657;https://salvacerohomecenter.com/fotos/;.jpg;https://salvacerohomecenter.com/fotos/99350657.jpg
33;KIT DIRECTV PREPAGO;D91020808;https://salvacerohomecenter.com/fotos/;.jpg;https://salvacerohomecenter.com/fotos/D91020808.jpg
34;LAPTOP LENOVO MOD V15-ADA;99352168;https://salvacerohomecenter.com/fotos/;.jpg;https://salvacerohomecenter.com/fotos/99352168.jpg
35;LAPTOP HP 5CG05263RJ;99352571;https://salvacerohomecenter.com/fotos/;.jpg;https://salvacerohomecenter.com/fotos/99352571.jpg
36;"LAPTOP HP 14"" PH (SSD128 1| RYZEN3)";99353029;https://salvacerohomecenter.com/fotos/;.jpg;https://salvacerohomecenter.com/fotos/99353029.jpg
37;"LAPTOP RCA SPACE JK125-TK-E156S (15.6"") ";5LAP002;https://salvacerohomecenter.com/fotos/;.jpg;https://salvacerohomecenter.com/fotos/5LAP002.jpg
38;LAPTOP RCA TK E140J/14'/J4115;5LAP001;https://salvacerohomecenter.com/fotos/;.jpg;https://salvacerohomecenter.com/fotos/5LAP001.jpg
39;MICA PARA INSTALACION CELULAR;99351646;https://salvacerohomecenter.com/fotos/;.jpg;https://salvacerohomecenter.com/fotos/99351646.jpg
40;MICROFONO INALÁMBRICO (50 18/TS-013) 1PC;99352684;https://salvacerohomecenter.com/fotos/;.jpg;https://salvacerohomecenter.com/fotos/99352684.jpg
41;MOUSE GENIUS 3 BOTONES;99350613;https://salvacerohomecenter.com/fotos/;.jpg;https://salvacerohomecenter.com/fotos/99350613.jpg
42;MOUSE GENIUS INALÁMBRICO;99350577;https://salvacerohomecenter.com/fotos/;.jpg;https://salvacerohomecenter.com/fotos/99350577.jpg
43;PARLANTE BLUETOOTH RCA BH (NEGRO);53HSRBH;https://salvacerohomecenter.com/fotos/;.jpg;https://salvacerohomecenter.com/fotos/53HSRBH.jpg
44;PARLANTE BLUETOOTH BH (ROJO);53HSRBM;https://salvacerohomecenter.com/fotos/;.jpg;https://salvacerohomecenter.com/fotos/53HSRBM.jpg
45;PARLANTE BLUETOOTH BJ (NEGRO);53HSRBJ;https://salvacerohomecenter.com/fotos/;.jpg;https://salvacerohomecenter.com/fotos/53HSRBJ.jpg
46;"PARLANTE RCA AL1504 (AZUL | USB | TF | 45W) 15""";53HSRC7;https://salvacerohomecenter.com/fotos/;.jpg;https://salvacerohomecenter.com/fotos/53HSRC7.jpg
47;"PARLANTE RCA AL1504 (NEGRO | USB | TF | 45W) 15""";53HSRC8;https://salvacerohomecenter.com/fotos/;.jpg;https://salvacerohomecenter.com/fotos/53HSRC8.jpg
48;"PARLANTE RCA AL1504 (ROJO | USB | TF | 45W) 15""";53HSRC6;https://salvacerohomecenter.com/fotos/;.jpg;https://salvacerohomecenter.com/fotos/53HSRC6.jpg
49;PARLANTE RCA 619 (USB | TF);53HSRCG;https://salvacerohomecenter.com/fotos/;.jpg;https://salvacerohomecenter.com/fotos/53HSRCG.jpg
50;PARLANTE RCA 620 (USB | TF);53HSRCF;https://salvacerohomecenter.com/fotos/;.jpg;https://salvacerohomecenter.com/fotos/53HSRCF.jpg
51;PARLANTES AVANTI SPAU2312;99350571;https://salvacerohomecenter.com/fotos/;.jpg;https://salvacerohomecenter.com/fotos/99350571.jpg
52;"RCA TELEVISOR SMART TV 32""";7RT0016;https://salvacerohomecenter.com/fotos/;.jpg;https://salvacerohomecenter.com/fotos/7RT0016.jpg
53;"RCA TELEVISOR SMART TV 43""";7RT0017;https://salvacerohomecenter.com/fotos/;.jpg;https://salvacerohomecenter.com/fotos/7RT0017.jpg
54;"RCA TELEVISOR SMART TV 55""";7RT0018;https://salvacerohomecenter.com/fotos/;.jpg;https://salvacerohomecenter.com/fotos/7RT0018.jpg
55;"RCA TELEVISOR SMART TV 65""";7RT0019;https://salvacerohomecenter.com/fotos/;.jpg;https://salvacerohomecenter.com/fotos/7RT0019.jpg
56;"TCL TELEVISOR SMART TV 85""";99352517;https://salvacerohomecenter.com/fotos/;.jpg;https://salvacerohomecenter.com/fotos/99352517.jpg
57;"TELEVISOR SMART  XTRATECH 65""";99352678;https://salvacerohomecenter.com/fotos/;.jpg;https://salvacerohomecenter.com/fotos/99352678.jpg
58;"SOPORTE TV 0061 TOOL  37""-70"" | QF01-46T";99352608;https://salvacerohomecenter.com/fotos/;.jpg;https://salvacerohomecenter.com/fotos/99352608.jpg
59;"SOPORTE TV 0061 TOOL 26""A55"" | QF01-44F";99352606;https://salvacerohomecenter.com/fotos/;.jpg;https://salvacerohomecenter.com/fotos/99352606.jpg
60;"SOPORTE TV 0061 TOOL 37""-70"" | QF01 46F";99352607;https://salvacerohomecenter.com/fotos/;.jpg;https://salvacerohomecenter.com/fotos/99352607.jpg
61;"SOPORTE TV 0061 TOOL V 37""-80"" | QF02-46T";99352609;https://salvacerohomecenter.com/fotos/;.jpg;https://salvacerohomecenter.com/fotos/99352609.jpg
62;"TCL TELEVISOR LED SMART TV 40""";7T10944;https://salvacerohomecenter.com/fotos/;.jpg;https://salvacerohomecenter.com/fotos/7T10944.jpg
63;"TCL TELEVISOR LED SMART TV 32""";7T10922;https://salvacerohomecenter.com/fotos/;.jpg;https://salvacerohomecenter.com/fotos/7T10922.jpg
64;"TCL TELEVISOR LED SMART TV 43""";7T10926;https://salvacerohomecenter.com/fotos/;.jpg;https://salvacerohomecenter.com/fotos/7T10926.jpg
65;"TCL TELEVISOR LED SMART TV 50""";7T1092 7;https://salvacerohomecenter.com/fotos/;.jpg;https://salvacerohomecenter.com/fotos/7T1092 7.jpg
66;"TCL TELEVISOR LED SMART TV 55""";7T1093 9;https://salvacerohomecenter.com/fotos/;.jpg;https://salvacerohomecenter.com/fotos/7T1093 9.jpg
67;"TCL TELEVISOR LED SMART TV 65""";7T1094 0;https://salvacerohomecenter.com/fotos/;.jpg;https://salvacerohomecenter.com/fotos/7T1094 0.jpg
68;"TCL TELEVISOR LED SMART TV 75""";7T1093 3;https://salvacerohomecenter.com/fotos/;.jpg;https://salvacerohomecenter.com/fotos/7T1093 3.jpg
69;TECLADO USB GENIUS;99350656;https://salvacerohomecenter.com/fotos/;.jpg;https://salvacerohomecenter.com/fotos/99350656.jpg
70;TELEFONO INALAMBRICO UNIDEN | AT3100;99352565;https://salvacerohomecenter.com/fotos/;.jpg;https://salvacerohomecenter.com/fotos/99352565.jpg
71;TELEFONO INALAMBRICO PANASONIC 1| KX-TGC350;99352564;https://salvacerohomecenter.com/fotos/;.jpg;https://salvacerohomecenter.com/fotos/99352564.jpg
72;TINTA IMPRESORA EPSON L3150 (AMARILLA);99353157;https://salvacerohomecenter.com/fotos/;.jpg;https://salvacerohomecenter.com/fotos/99353157.jpg
73;TINTA IMPRESORA EPSON L3150 (AZUL);99353154;https://salvacerohomecenter.com/fotos/;.jpg;https://salvacerohomecenter.com/fotos/99353154.jpg
74;TINTA IMPRESORA EPSON L3150 (NEGRA);99353156;https://salvacerohomecenter.com/fotos/;.jpg;https://salvacerohomecenter.com/fotos/99353156.jpg
75;TINTA IMPRESORA EPSON L3150 (ROJO);99353151;https://salvacerohomecenter.com/fotos/;.jpg;https://salvacerohomecenter.com/fotos/99353151.jpg
76;TINTA IMPRESORA LIMPIADOR;99353158;https://salvacerohomecenter.com/fotos/;.jpg;https://salvacerohomecenter.com/fotos/99353158.jpg
77;"SMART TV SAMSUNG 65""";99350552;https://salvacerohomecenter.com/fotos/;.jpg;https://salvacerohomecenter.com/fotos/99350552.jpg
78;WALKIE TALKIE  INTERCOMUNICADOR | OC0461232;99353331;https://salvacerohomecenter.com/fotos/;.jpg;https://salvacerohomecenter.com/fotos/99353331.jpg
79;SOPORTE PARA A/C | QFACB-01;99351724;https://salvacerohomecenter.com/fotos/;.jpg;https://salvacerohomecenter.com/fotos/99351724.jpg
80;SOPORTE PARA MICROONDAS | QFMB-01;99351725;https://salvacerohomecenter.com/fotos/;.jpg;https://salvacerohomecenter.com/fotos/99351725.jpg
81;AIRE ACONDICIONADO PORTATIL TCL | 12BTU 220V/60HZ;5ACT603;https://salvacerohomecenter.com/fotos/;.jpg;https://salvacerohomecenter.com/fotos/5ACT603.jpg
82;AIRE ACONDICIONADO RCA | 12000 BTU;5RCAA07;https://salvacerohomecenter.com/fotos/;.jpg;https://salvacerohomecenter.com/fotos/5RCAA07.jpg
83;AIRE ACONDICIONADO RCA | 18000 BTU;5RCAA08;https://salvacerohomecenter.com/fotos/;.jpg;https://salvacerohomecenter.com/fotos/5RCAA08.jpg
84;AIRE ACONDICIONADO RCA | 24000 BTU;5RCAA02;https://salvacerohomecenter.com/fotos/;.jpg;https://salvacerohomecenter.com/fotos/5RCAA02.jpg
85;ARROCERA HAMILTON BEACH | 20TAZAS ;5H00030;https://salvacerohomecenter.com/fotos/;.jpg;https://salvacerohomecenter.com/fotos/5H00030.jpg
86;BATIDORA HAMILTON BEACH | HB-33BK NG;99351804;https://salvacerohomecenter.com/fotos/;.jpg;https://salvacerohomecenter.com/fotos/99351804.jpg
87;BATIDORA 1/8 HM-48BL TURQ;99351803;https://salvacerohomecenter.com/fotos/;.jpg;https://salvacerohomecenter.com/fotos/99351803.jpg
88;CAFETERA COFFEE MAKER BP | 15 TAZAS;BP02991;https://salvacerohomecenter.com/fotos/;.jpg;https://salvacerohomecenter.com/fotos/BP02991.jpg
89;CAFETERA COFFEE MAKER BP | 6 TAZAS;BP02989;https://salvacerohomecenter.com/fotos/;.jpg;https://salvacerohomecenter.com/fotos/BP02989.jpg
90;CAMPANA EXTRACTORA RCA | 90CM (MH10ABK-D-90);5RCAE06;https://salvacerohomecenter.com/fotos/;.jpg;https://salvacerohomecenter.com/fotos/5RCAE06.jpg
91;CAMPANA EXTRACTORA RCA | NEGRA 60CM;5RCOM05;https://salvacerohomecenter.com/fotos/;.jpg;https://salvacerohomecenter.com/fotos/5RCOM05.jpg
92;CAMPANA EXTRACTORA RCA | BLANCA 60CM;5RCOM04;https://salvacerohomecenter.com/fotos/;.jpg;https://salvacerohomecenter.com/fotos/5RCOM04.jpg
93;CAMPANA EXTRACTORA RCA | INOXIDABLE 60CM;5RCOM06;https://salvacerohomecenter.com/fotos/;.jpg;https://salvacerohomecenter.com/fotos/5RCOM06.jpg
94;CAMPANA EXTRATORA TIPO ISLA | G3L160;99351722;https://salvacerohomecenter.com/fotos/;.jpg;https://salvacerohomecenter.com/fotos/99351722.jpg
95;COCINA 4 HORNILLAS | HACEB SP-V EE;99350572;https://salvacerohomecenter.com/fotos/;.jpg;https://salvacerohomecenter.com/fotos/99350572.jpg
96;COCINA 4 HORNILLAS | MABE (TX5120EX1);99352680;https://salvacerohomecenter.com/fotos/;.jpg;https://salvacerohomecenter.com/fotos/99352680.jpg
97;COCINA 6 HORNILLAS | AMERICAN STAR (A/S C800GS);99352679;https://salvacerohomecenter.com/fotos/;.jpg;https://salvacerohomecenter.com/fotos/99352679.jpg
98;COCINA 4 QUEMADORES | RCA (GRIS);5RCOM00;https://salvacerohomecenter.com/fotos/;.jpg;https://salvacerohomecenter.com/fotos/5RCOM00.jpg
99;COCINA 4 QUEMADORES | RCA (NEGRA);5RCOM01;https://salvacerohomecenter.com/fotos/;.jpg;https://salvacerohomecenter.com/fotos/5RCOM01.jpg
100;COCINA 5 QUEMADORES | RCA;5RCOM02;https://salvacerohomecenter.com/fotos/;.jpg;https://salvacerohomecenter.com/fotos/5RCOM02.jpg
101;COCINETA ELECTRICA BLANCA | 2 QUEMADORES;99353073;https://salvacerohomecenter.com/fotos/;.jpg;https://salvacerohomecenter.com/fotos/99353073.jpg
102;CONGELADOR ELECTROLUX | EFCC26A6HQ | 316 LITROS;99350564;https://salvacerohomecenter.com/fotos/;.jpg;https://salvacerohomecenter.com/fotos/99350564.jpg
103;CONGELADOR ELECTROLUX | EFCC32A6HQ | 320 LITROS;99350563;https://salvacerohomecenter.com/fotos/;.jpg;https://salvacerohomecenter.com/fotos/99350563.jpg
104;CONGELADOR H420RPM;99350610;https://salvacerohomecenter.com/fotos/;.jpg;https://salvacerohomecenter.com/fotos/99350610.jpg
105;CONGELADOR TCL | 208RMP;99352417;https://salvacerohomecenter.com/fotos/;.jpg;https://salvacerohomecenter.com/fotos/99352417.jpg
106;ENFRIADOR DE VITRINA SANKEY | RFD-1080;99350612;https://salvacerohomecenter.com/fotos/;.jpg;https://salvacerohomecenter.com/fotos/99350612.jpg
107;EXTRACTOR DE JUGO  HAMILTON BEACH | 67650;99352695;https://salvacerohomecenter.com/fotos/;.jpg;https://salvacerohomecenter.com/fotos/99352695.jpg
108;FREIDORA DE AIRE RCA | NEGRO | AFOU605A;5C16725;https://salvacerohomecenter.com/fotos/;.jpg;https://salvacerohomecenter.com/fotos/5C16725.jpg
109;FREIDORA DE AIRE RCA | AF-U02D;5C16720;https://salvacerohomecenter.com/fotos/;.jpg;https://salvacerohomecenter.com/fotos/5C16720.jpg
110;FREIDORA DE AIRE | 58 QUAR;5H0004G;https://salvacerohomecenter.com/fotos/;.jpg;https://salvacerohomecenter.com/fotos/5H0004G.jpg
111;FREIDORA DIGITAL HAMILTON BEACH | 2.5 LITROS | NEGRO;5H0004C;https://salvacerohomecenter.com/fotos/;.jpg;https://salvacerohomecenter.com/fotos/5H0004C.jpg
112;HORNO A GAS RCA | 70 LITROS;5HOR000;https://salvacerohomecenter.com/fotos/;.jpg;https://salvacerohomecenter.com/fotos/5HOR000.jpg
113;HORNO TOSTADOR HAMILTON BEACH | 31411;99352698;https://salvacerohomecenter.com/fotos/;.jpg;https://salvacerohomecenter.com/fotos/99352698.jpg
114;LAVADORA EVVO | EV11TT | 2 TACHOS;EV11TT;https://salvacerohomecenter.com/fotos/;.jpg;https://salvacerohomecenter.com/fotos/EV11TT.jpg
115;LAVADORA IMNOVA | INLAV16;99352681;https://salvacerohomecenter.com/fotos/;.jpg;https://salvacerohomecenter.com/fotos/99352681.jpg
116;LAVADORA TCL SEMI AUTOMATICA | 18KG;5TCLL03;https://salvacerohomecenter.com/fotos/;.jpg;https://salvacerohomecenter.com/fotos/5TCLL03.jpg
117;LAVADORA TCL SEMI AUTOMATICA | 11KG;5TCLL00;https://salvacerohomecenter.com/fotos/;.jpg;https://salvacerohomecenter.com/fotos/5TCLL00.jpg
118;LAVADORA TCL SEMI AUTOMATICA | 13KG;5TCLL01;https://salvacerohomecenter.com/fotos/;.jpg;https://salvacerohomecenter.com/fotos/5TCLL01.jpg
119;LAVADORA TCL SEMI AUTOMATICA | 15KG;5TCLL02;https://salvacerohomecenter.com/fotos/;.jpg;https://salvacerohomecenter.com/fotos/5TCLL02.jpg
120;LAVARROPA ELECTROLUX | EWTB7M3MUIPW | 2 TACHOS;EWTB7M3MUPW;https://salvacerohomecenter.com/fotos/;.jpg;https://salvacerohomecenter.com/fotos/EWTB7M3MUPW.jpg
121;LICUADORA CON PROCESADOR HAMILTON BEACH;5H0006I;https://salvacerohomecenter.com/fotos/;.jpg;https://salvacerohomecenter.com/fotos/5H0006I.jpg
122;LICUADORA HAMILTON BEACH | VASO DE PLASTICO | 58615;5H0006L;https://salvacerohomecenter.com/fotos/;.jpg;https://salvacerohomecenter.com/fotos/5H0006L.jpg
123;MICROONDAS DIGITAL | 30 LITROS | NEGRO;5H0010L;https://salvacerohomecenter.com/fotos/;.jpg;https://salvacerohomecenter.com/fotos/5H0010L.jpg
124;MICROONDAS RCA 20LT NEGRO WINDOW DOOR P70B20AP-ZS;5RCAM05;https://salvacerohomecenter.com/fotos/;.jpg;https://salvacerohomecenter.com/fotos/5RCAM05.jpg
125;MICROONDAS RCA 20LT SILVER WINDOW DOOR;5RCAM06;https://salvacerohomecenter.com/fotos/;.jpg;https://salvacerohomecenter.com/fotos/5RCAM06.jpg
126;OLLA ARROCERA ROJA 357538N HAMILTON;5H00035;https://salvacerohomecenter.com/fotos/;.jpg;https://salvacerohomecenter.com/fotos/5H00035.jpg
127;PLANCHA ANTIAD 17292Y PROC. SIL;5H00073;https://salvacerohomecenter.com/fotos/;.jpg;https://salvacerohomecenter.com/fotos/5H00073.jpg
128;PROCESADORA ALIMENTO  HB 70450;99352697;https://salvacerohomecenter.com/fotos/;.jpg;https://salvacerohomecenter.com/fotos/99352697.jpg
129;REFRIGERADORA EVVO MOD EV-SL;99351589;https://salvacerohomecenter.com/fotos/;.jpg;https://salvacerohomecenter.com/fotos/99351589.jpg
130;REFRIGERADORA RCA INVERTER NEGRA SS MRF 630WS;5RCAR04;https://salvacerohomecenter.com/fotos/;.jpg;https://salvacerohomecenter.com/fotos/5RCAR04.jpg
131;REFRIGERADORA RCA MRF - 440WD;5RCAR06;https://salvacerohomecenter.com/fotos/;.jpg;https://salvacerohomecenter.com/fotos/5RCAR06.jpg
132;REFRIGERADORA RCA NEGRA SS MRF 435WD;5RCAR03;https://salvacerohomecenter.com/fotos/;.jpg;https://salvacerohomecenter.com/fotos/5RCAR03.jpg
133;REFRIGERADORA RCA SMART FROST MRF-262D;5RCAR01;https://salvacerohomecenter.com/fotos/;.jpg;https://salvacerohomecenter.com/fotos/5RCAR01.jpg
134;REFRIGERADORA TCL 210L TOP MOUNTED TRF-210;5TCLR00;https://salvacerohomecenter.com/fotos/;.jpg;https://salvacerohomecenter.com/fotos/5TCLR00.jpg
135;REFRIGERADORA TCL 520 LT SIDE BY SIDE TRF-520;5TCLR02;https://salvacerohomecenter.com/fotos/;.jpg;https://salvacerohomecenter.com/fotos/5TCLR02.jpg
136;SECADORA MWGD2040;99351625;https://salvacerohomecenter.com/fotos/;.jpg;https://salvacerohomecenter.com/fotos/99351625.jpg
137;SPLIT / AIRE ACONDICIONADO STHILL CHIG18BTC/S;99352524;https://salvacerohomecenter.com/fotos/;.jpg;https://salvacerohomecenter.com/fotos/99352524.jpg
138;SPLIT / AIRE ACONDICIONADO STHILL CHIG24BT/S;99352525;https://salvacerohomecenter.com/fotos/;.jpg;https://salvacerohomecenter.com/fotos/99352525.jpg
139;TETERA ELEC HB B. CRIST 1.7L ROSE;5H0004K;https://salvacerohomecenter.com/fotos/;.jpg;https://salvacerohomecenter.com/fotos/5H0004K.jpg
140;TOSTADORA OSTER HB 22614R-Z;99352696;https://salvacerohomecenter.com/fotos/;.jpg;https://salvacerohomecenter.com/fotos/99352696.jpg
141;VENTILADOR  18 FOREVER 3VEL;99352257;https://salvacerohomecenter.com/fotos/;.jpg;https://salvacerohomecenter.com/fotos/99352257.jpg
142;VENTILADOR DE TECHO RCA;5RCAV05;https://salvacerohomecenter.com/fotos/;.jpg;https://salvacerohomecenter.com/fotos/5RCAV05.jpg
143;WAFLERA 26020 HAMILTON BEACH;5H00048;https://salvacerohomecenter.com/fotos/;.jpg;https://salvacerohomecenter.com/fotos/5H00048.jpg
149;BLOQUE VICTORIA 7 (20X40);21;https://salvacerohomecenter.com/fotos/;.jpg;https://salvacerohomecenter.com/fotos/21.jpg
150;BLOQUE VICTORIA 9 (20X40);20;https://salvacerohomecenter.com/fotos/;.jpg;https://salvacerohomecenter.com/fotos/20.jpg
164;CORREA G 200X50X15X3 MM;G020050295;https://salvacerohomecenter.com/fotos/;.jpg;https://salvacerohomecenter.com/fotos/G020050295.jpg
165;CORREA G 60x30x10x1.5 MM;G006030015;https://salvacerohomecenter.com/fotos/;.jpg;https://salvacerohomecenter.com/fotos/G006030015.jpg
167;CORREA G 80X40X15X1.5 MM;G008040015;https://salvacerohomecenter.com/fotos/;.jpg;https://salvacerohomecenter.com/fotos/G008040015.jpg
169;CORREA G 80X40X15X3 MM;G008040030;https://salvacerohomecenter.com/fotos/;.jpg;https://salvacerohomecenter.com/fotos/G008040030.jpg
171;CORREA G GALV. 100X50X15X2;99352173;https://salvacerohomecenter.com/fotos/;.jpg;https://salvacerohomecenter.com/fotos/99352173.jpg
190;MORTERO ADH CEMIX UNIVERSAL GRES 25KG;34573;https://salvacerohomecenter.com/fotos/;.jpg;https://salvacerohomecenter.com/fotos/34573.jpg
250;UNIDAS ANTICORROSIVO CATERPILAR BRILLANTE GALON;D91018718;https://salvacerohomecenter.com/fotos/;.jpg;https://salvacerohomecenter.com/fotos/D91018718.jpg
251;UNIDAS ANTICORROSIVO CATERPILAR LITRO;D91018719;https://salvacerohomecenter.com/fotos/;.jpg;https://salvacerohomecenter.com/fotos/D91018719.jpg
252;UNIDAS ANTICORROSIVO GRIS BRILLANTE GAL√ìN;605A;https://salvacerohomecenter.com/fotos/;.jpg;https://salvacerohomecenter.com/fotos/605A.jpg
253;UNIDAS ANTICORROSIVO GRIS BRILLANT LITRO;D91018752;https://salvacerohomecenter.com/fotos/;.jpg;https://salvacerohomecenter.com/fotos/D91018752.jpg
254;UNIDAS ANTICORROSIVO GRIS MATE GAL√ìN;1020A;https://salvacerohomecenter.com/fotos/;.jpg;https://salvacerohomecenter.com/fotos/1020A.jpg
255;UNIDAS ANTICORROSIVO GRIS MATE LITRO;1020B;https://salvacerohomecenter.com/fotos/;.jpg;https://salvacerohomecenter.com/fotos/1020B.jpg
256;UNIDAS ANTICORROSIVO NEGRO BRILLANTE GAL√ìN;600A;https://salvacerohomecenter.com/fotos/;.jpg;https://salvacerohomecenter.com/fotos/600A.jpg
257;UNIDAS ANTICORROSIVO NEGRO BRILLANTE LITRO;D91018757;https://salvacerohomecenter.com/fotos/;.jpg;https://salvacerohomecenter.com/fotos/D91018757.jpg
258;UNIDAS ANTICORROSIVO NEGRO MATE GAL√ìN;91010608;https://salvacerohomecenter.com/fotos/;.jpg;https://salvacerohomecenter.com/fotos/91010608.jpg
259;UNIDAS ANTICORROSIVO NEGRO MATE LITRO;D91018775;https://salvacerohomecenter.com/fotos/;.jpg;https://salvacerohomecenter.com/fotos/D91018775.jpg
260;UNIDAS ANTICORROSIVO ROJO OXIDO BRILLANTE LITRO;D91018760;https://salvacerohomecenter.com/fotos/;.jpg;https://salvacerohomecenter.com/fotos/D91018760.jpg
261;UNIDAS ANTICORROSIVO ROJO OXIDO BRILLANTE GALON;D91018759;https://salvacerohomecenter.com/fotos/;.jpg;https://salvacerohomecenter.com/fotos/D91018759.jpg
262;UNIDAS ANTICORROSIVO ROJO OXIDO MATE GALON;99350669;https://salvacerohomecenter.com/fotos/;.jpg;https://salvacerohomecenter.com/fotos/99350669.jpg
263;UNIDAS ANTICORROSIVO ROJO OXIDO MATE LITRO;D91018778;https://salvacerohomecenter.com/fotos/;.jpg;https://salvacerohomecenter.com/fotos/D91018778.jpg