ID;Número de artículo;Url;jjj;Foto;Borrar
144;187968;https://salvacerohomecenter.com/img/fotosp/;.jpg;https://salvacerohomecenter.com/img/fotosp/187968.jpg;1
145;187947;https://salvacerohomecenter.com/img/fotosp/;.jpg;https://salvacerohomecenter.com/img/fotosp/187947.jpg;1
146;91010556;https://salvacerohomecenter.com/img/fotosp/;.jpg;https://salvacerohomecenter.com/img/fotosp/91010556.jpg;1
147;91010554;https://salvacerohomecenter.com/img/fotosp/;.jpg;https://salvacerohomecenter.com/img/fotosp/91010554.jpg;1
148;91010555;https://salvacerohomecenter.com/img/fotosp/;.jpg;https://salvacerohomecenter.com/img/fotosp/91010555.jpg;1
149;21;https://salvacerohomecenter.com/img/fotosp/;.jpg;https://salvacerohomecenter.com/img/fotosp/21.jpg;1
150;20;https://salvacerohomecenter.com/img/fotosp/;.jpg;https://salvacerohomecenter.com/img/fotosp/20.jpg;1
151;91012013;https://salvacerohomecenter.com/img/fotosp/;.jpg;https://salvacerohomecenter.com/img/fotosp/91012013.jpg;1
152;91010982;https://salvacerohomecenter.com/img/fotosp/;.jpg;https://salvacerohomecenter.com/img/fotosp/91010982.jpg;1
153;91010984;https://salvacerohomecenter.com/img/fotosp/;.jpg;https://salvacerohomecenter.com/img/fotosp/91010984.jpg;1
154;91010981;https://salvacerohomecenter.com/img/fotosp/;.jpg;https://salvacerohomecenter.com/img/fotosp/91010981.jpg;1
155;D91010364;https://salvacerohomecenter.com/img/fotosp/;.jpg;https://salvacerohomecenter.com/img/fotosp/D91010364.jpg;1
156;91002485;https://salvacerohomecenter.com/img/fotosp/;.jpg;https://salvacerohomecenter.com/img/fotosp/91002485.jpg;1
157;10016416;https://salvacerohomecenter.com/img/fotosp/;.jpg;https://salvacerohomecenter.com/img/fotosp/10016416.jpg;1
158;91013212;https://salvacerohomecenter.com/img/fotosp/;.jpg;https://salvacerohomecenter.com/img/fotosp/91013212.jpg;1
159;188410;https://salvacerohomecenter.com/img/fotosp/;.jpg;https://salvacerohomecenter.com/img/fotosp/188410.jpg;1
160;925019;https://salvacerohomecenter.com/img/fotosp/;.jpg;https://salvacerohomecenter.com/img/fotosp/925019.jpg;1
161;G010050018;https://salvacerohomecenter.com/img/fotosp/;.jpg;https://salvacerohomecenter.com/img/fotosp/G010050018.jpg;1
162;G010050030;https://salvacerohomecenter.com/img/fotosp/;.jpg;https://salvacerohomecenter.com/img/fotosp/G010050030.jpg;1
163;G012550030;https://salvacerohomecenter.com/img/fotosp/;.jpg;https://salvacerohomecenter.com/img/fotosp/G012550030.jpg;1
164;G020050295;https://salvacerohomecenter.com/img/fotosp/;.jpg;https://salvacerohomecenter.com/img/fotosp/G020050295.jpg;1
165;G006030015;https://salvacerohomecenter.com/img/fotosp/;.jpg;https://salvacerohomecenter.com/img/fotosp/G006030015.jpg;1
166;G006030018;https://salvacerohomecenter.com/img/fotosp/;.jpg;https://salvacerohomecenter.com/img/fotosp/G006030018.jpg;1
167;G008040015;https://salvacerohomecenter.com/img/fotosp/;.jpg;https://salvacerohomecenter.com/img/fotosp/G008040015.jpg;1
168;G008040020;https://salvacerohomecenter.com/img/fotosp/;.jpg;https://salvacerohomecenter.com/img/fotosp/G008040020.jpg;1
169;G008040030;https://salvacerohomecenter.com/img/fotosp/;.jpg;https://salvacerohomecenter.com/img/fotosp/G008040030.jpg;1
170;G0080400;https://salvacerohomecenter.com/img/fotosp/;.jpg;https://salvacerohomecenter.com/img/fotosp/G0080400.jpg;1
171;99352173;https://salvacerohomecenter.com/img/fotosp/;.jpg;https://salvacerohomecenter.com/img/fotosp/99352173.jpg;1
172;C19187V0304003403000;https://salvacerohomecenter.com/img/fotosp/;.jpg;https://salvacerohomecenter.com/img/fotosp/C19187V0304003403000.jpg;1
173;91020677;https://salvacerohomecenter.com/img/fotosp/;.jpg;https://salvacerohomecenter.com/img/fotosp/91020677.jpg;1
174;91020676;https://salvacerohomecenter.com/img/fotosp/;.jpg;https://salvacerohomecenter.com/img/fotosp/91020676.jpg;1
175;005EMA06-03515;https://salvacerohomecenter.com/img/fotosp/;.jpg;https://salvacerohomecenter.com/img/fotosp/005EMA06-03515.jpg;1
176;91001907;https://salvacerohomecenter.com/img/fotosp/;.jpg;https://salvacerohomecenter.com/img/fotosp/91001907.jpg;1
177;D91011919;https://salvacerohomecenter.com/img/fotosp/;.jpg;https://salvacerohomecenter.com/img/fotosp/D91011919.jpg;1
178;D91011920;https://salvacerohomecenter.com/img/fotosp/;.jpg;https://salvacerohomecenter.com/img/fotosp/D91011920.jpg;1
179;D91001910;https://salvacerohomecenter.com/img/fotosp/;.jpg;https://salvacerohomecenter.com/img/fotosp/D91001910.jpg;1
180;99350739;https://salvacerohomecenter.com/img/fotosp/;.jpg;https://salvacerohomecenter.com/img/fotosp/99350739.jpg;1
181;91001911;https://salvacerohomecenter.com/img/fotosp/;.jpg;https://salvacerohomecenter.com/img/fotosp/91001911.jpg;1
182;91001906;https://salvacerohomecenter.com/img/fotosp/;.jpg;https://salvacerohomecenter.com/img/fotosp/91001906.jpg;1
183;D91011925;https://salvacerohomecenter.com/img/fotosp/;.jpg;https://salvacerohomecenter.com/img/fotosp/D91011925.jpg;1
184;99350684;https://salvacerohomecenter.com/img/fotosp/;.jpg;https://salvacerohomecenter.com/img/fotosp/99350684.jpg;1
185;99350683;https://salvacerohomecenter.com/img/fotosp/;.jpg;https://salvacerohomecenter.com/img/fotosp/99350683.jpg;1
186;91014271;https://salvacerohomecenter.com/img/fotosp/;.jpg;https://salvacerohomecenter.com/img/fotosp/91014271.jpg;1
187;91013818;https://salvacerohomecenter.com/img/fotosp/;.jpg;https://salvacerohomecenter.com/img/fotosp/91013818.jpg;1
188;34575;https://salvacerohomecenter.com/img/fotosp/;.jpg;https://salvacerohomecenter.com/img/fotosp/34575.jpg;1
189;34571;https://salvacerohomecenter.com/img/fotosp/;.jpg;https://salvacerohomecenter.com/img/fotosp/34571.jpg;1
190;34573;https://salvacerohomecenter.com/img/fotosp/;.jpg;https://salvacerohomecenter.com/img/fotosp/34573.jpg;1
191;631652;https://salvacerohomecenter.com/img/fotosp/;.jpg;https://salvacerohomecenter.com/img/fotosp/631652.jpg;1
192;631654;https://salvacerohomecenter.com/img/fotosp/;.jpg;https://salvacerohomecenter.com/img/fotosp/631654.jpg;1
193;631655;https://salvacerohomecenter.com/img/fotosp/;.jpg;https://salvacerohomecenter.com/img/fotosp/631655.jpg;1
194;631656;https://salvacerohomecenter.com/img/fotosp/;.jpg;https://salvacerohomecenter.com/img/fotosp/631656.jpg;1
195;99352169;https://salvacerohomecenter.com/img/fotosp/;.jpg;https://salvacerohomecenter.com/img/fotosp/99352169.jpg;1
196;942541;https://salvacerohomecenter.com/img/fotosp/;.jpg;https://salvacerohomecenter.com/img/fotosp/942541.jpg;1
197;99351669;https://salvacerohomecenter.com/img/fotosp/;.jpg;https://salvacerohomecenter.com/img/fotosp/99351669.jpg;1
198;99351608;https://salvacerohomecenter.com/img/fotosp/;.jpg;https://salvacerohomecenter.com/img/fotosp/99351608.jpg;1
199;466F;https://salvacerohomecenter.com/img/fotosp/;.jpg;https://salvacerohomecenter.com/img/fotosp/466F.jpg;1
200;466A;https://salvacerohomecenter.com/img/fotosp/;.jpg;https://salvacerohomecenter.com/img/fotosp/466A.jpg;1
201;99350697;https://salvacerohomecenter.com/img/fotosp/;.jpg;https://salvacerohomecenter.com/img/fotosp/99350697.jpg;1
202;3;https://salvacerohomecenter.com/img/fotosp/;.jpg;https://salvacerohomecenter.com/img/fotosp/3.jpg;1
203;1;https://salvacerohomecenter.com/img/fotosp/;.jpg;https://salvacerohomecenter.com/img/fotosp/1.jpg;1
204;2;https://salvacerohomecenter.com/img/fotosp/;.jpg;https://salvacerohomecenter.com/img/fotosp/2.jpg;1
205;47;https://salvacerohomecenter.com/img/fotosp/;.jpg;https://salvacerohomecenter.com/img/fotosp/47.jpg;1
206;45;https://salvacerohomecenter.com/img/fotosp/;.jpg;https://salvacerohomecenter.com/img/fotosp/45.jpg;1
207;46;https://salvacerohomecenter.com/img/fotosp/;.jpg;https://salvacerohomecenter.com/img/fotosp/46.jpg;1
208;D91018471;https://salvacerohomecenter.com/img/fotosp/;.jpg;https://salvacerohomecenter.com/img/fotosp/D91018471.jpg;1
209;91011816;https://salvacerohomecenter.com/img/fotosp/;.jpg;https://salvacerohomecenter.com/img/fotosp/91011816.jpg;1
210;10J6OK2265325X351;https://salvacerohomecenter.com/img/fotosp/;.jpg;https://salvacerohomecenter.com/img/fotosp/10J6OK2265325X351.jpg;1
211;10J6OK2265325X350;https://salvacerohomecenter.com/img/fotosp/;.jpg;https://salvacerohomecenter.com/img/fotosp/10J6OK2265325X350.jpg;1
212;510007;https://salvacerohomecenter.com/img/fotosp/;.jpg;https://salvacerohomecenter.com/img/fotosp/510007.jpg;1
213;510009;https://salvacerohomecenter.com/img/fotosp/;.jpg;https://salvacerohomecenter.com/img/fotosp/510009.jpg;1
214;99351540;https://salvacerohomecenter.com/img/fotosp/;.jpg;https://salvacerohomecenter.com/img/fotosp/99351540.jpg;1
215;10-12.0018;https://salvacerohomecenter.com/img/fotosp/;.jpg;https://salvacerohomecenter.com/img/fotosp/10-12.0018.jpg;1
216;C11101V0303010303600;https://salvacerohomecenter.com/img/fotosp/;.jpg;https://salvacerohomecenter.com/img/fotosp/C11101V0303010303600.jpg;1
217;C11101V0303010304200;https://salvacerohomecenter.com/img/fotosp/;.jpg;https://salvacerohomecenter.com/img/fotosp/C11101V0303010304200.jpg;1
218;10-12.0020;https://salvacerohomecenter.com/img/fotosp/;.jpg;https://salvacerohomecenter.com/img/fotosp/10-12.0020.jpg;1
219;C11101V0303010304800;https://salvacerohomecenter.com/img/fotosp/;.jpg;https://salvacerohomecenter.com/img/fotosp/C11101V0303010304800.jpg;1
220;10-12.0021;https://salvacerohomecenter.com/img/fotosp/;.jpg;https://salvacerohomecenter.com/img/fotosp/10-12.0021.jpg;1
221;10-12.0022;https://salvacerohomecenter.com/img/fotosp/;.jpg;https://salvacerohomecenter.com/img/fotosp/10-12.0022.jpg;1
222;510017;https://salvacerohomecenter.com/img/fotosp/;.jpg;https://salvacerohomecenter.com/img/fotosp/510017.jpg;1
223;510014;https://salvacerohomecenter.com/img/fotosp/;.jpg;https://salvacerohomecenter.com/img/fotosp/510014.jpg;1
224;C11101V0303010306000;https://salvacerohomecenter.com/img/fotosp/;.jpg;https://salvacerohomecenter.com/img/fotosp/C11101V0303010306000.jpg;1
225;99353434;https://salvacerohomecenter.com/img/fotosp/;.jpg;https://salvacerohomecenter.com/img/fotosp/99353434.jpg;1
226;99350750;https://salvacerohomecenter.com/img/fotosp/;.jpg;https://salvacerohomecenter.com/img/fotosp/99350750.jpg;1
227;D91020465;https://salvacerohomecenter.com/img/fotosp/;.jpg;https://salvacerohomecenter.com/img/fotosp/D91020465.jpg;1
228;D91020473;https://salvacerohomecenter.com/img/fotosp/;.jpg;https://salvacerohomecenter.com/img/fotosp/D91020473.jpg;1
229;91020659;https://salvacerohomecenter.com/img/fotosp/;.jpg;https://salvacerohomecenter.com/img/fotosp/91020659.jpg;1
230;10-8.0161;https://salvacerohomecenter.com/img/fotosp/;.jpg;https://salvacerohomecenter.com/img/fotosp/10-8.0161.jpg;1
231;91003008;https://salvacerohomecenter.com/img/fotosp/;.jpg;https://salvacerohomecenter.com/img/fotosp/91003008.jpg;1
232;91004043;https://salvacerohomecenter.com/img/fotosp/;.jpg;https://salvacerohomecenter.com/img/fotosp/91004043.jpg;1
233;91004042;https://salvacerohomecenter.com/img/fotosp/;.jpg;https://salvacerohomecenter.com/img/fotosp/91004042.jpg;1
234;91001551;https://salvacerohomecenter.com/img/fotosp/;.jpg;https://salvacerohomecenter.com/img/fotosp/91001551.jpg;1
235;91001557;https://salvacerohomecenter.com/img/fotosp/;.jpg;https://salvacerohomecenter.com/img/fotosp/91001557.jpg;1
236;91001550;https://salvacerohomecenter.com/img/fotosp/;.jpg;https://salvacerohomecenter.com/img/fotosp/91001550.jpg;1
237;99350749;https://salvacerohomecenter.com/img/fotosp/;.jpg;https://salvacerohomecenter.com/img/fotosp/99350749.jpg;1
238;99350751;https://salvacerohomecenter.com/img/fotosp/;.jpg;https://salvacerohomecenter.com/img/fotosp/99350751.jpg;1
239;631661;https://salvacerohomecenter.com/img/fotosp/;.jpg;https://salvacerohomecenter.com/img/fotosp/631661.jpg;1
240;TDMNRPLUS12;https://salvacerohomecenter.com/img/fotosp/;.jpg;https://salvacerohomecenter.com/img/fotosp/TDMNRPLUS12.jpg;1
241;99351409;https://salvacerohomecenter.com/img/fotosp/;.jpg;https://salvacerohomecenter.com/img/fotosp/99351409.jpg;1
242;99351410;https://salvacerohomecenter.com/img/fotosp/;.jpg;https://salvacerohomecenter.com/img/fotosp/99351410.jpg;1
243;SUPERT12P;https://salvacerohomecenter.com/img/fotosp/;.jpg;https://salvacerohomecenter.com/img/fotosp/SUPERT12P.jpg;1
244;945125874;https://salvacerohomecenter.com/img/fotosp/;.jpg;https://salvacerohomecenter.com/img/fotosp/945125874.jpg;1
245;91014559;https://salvacerohomecenter.com/img/fotosp/;.jpg;https://salvacerohomecenter.com/img/fotosp/91014559.jpg;1
246;99351408;https://salvacerohomecenter.com/img/fotosp/;.jpg;https://salvacerohomecenter.com/img/fotosp/99351408.jpg;1
247;91001377;https://salvacerohomecenter.com/img/fotosp/;.jpg;https://salvacerohomecenter.com/img/fotosp/91001377.jpg;1
248;91001388;https://salvacerohomecenter.com/img/fotosp/;.jpg;https://salvacerohomecenter.com/img/fotosp/91001388.jpg;1
249;926224;https://salvacerohomecenter.com/img/fotosp/;.jpg;https://salvacerohomecenter.com/img/fotosp/926224.jpg;1
250;D91018718;https://salvacerohomecenter.com/img/fotosp/;.jpg;https://salvacerohomecenter.com/img/fotosp/D91018718.jpg;1
251;D91018719;https://salvacerohomecenter.com/img/fotosp/;.jpg;https://salvacerohomecenter.com/img/fotosp/D91018719.jpg;1
252;605A;https://salvacerohomecenter.com/img/fotosp/;.jpg;https://salvacerohomecenter.com/img/fotosp/605A.jpg;1
253;D91018752;https://salvacerohomecenter.com/img/fotosp/;.jpg;https://salvacerohomecenter.com/img/fotosp/D91018752.jpg;1
254;1020A;https://salvacerohomecenter.com/img/fotosp/;.jpg;https://salvacerohomecenter.com/img/fotosp/1020A.jpg;1
255;1020B;https://salvacerohomecenter.com/img/fotosp/;.jpg;https://salvacerohomecenter.com/img/fotosp/1020B.jpg;1
256;600A;https://salvacerohomecenter.com/img/fotosp/;.jpg;https://salvacerohomecenter.com/img/fotosp/600A.jpg;1
257;D91018757;https://salvacerohomecenter.com/img/fotosp/;.jpg;https://salvacerohomecenter.com/img/fotosp/D91018757.jpg;1
258;91010608;https://salvacerohomecenter.com/img/fotosp/;.jpg;https://salvacerohomecenter.com/img/fotosp/91010608.jpg;1
259;D91018775;https://salvacerohomecenter.com/img/fotosp/;.jpg;https://salvacerohomecenter.com/img/fotosp/D91018775.jpg;1
260;D91018760;https://salvacerohomecenter.com/img/fotosp/;.jpg;https://salvacerohomecenter.com/img/fotosp/D91018760.jpg;1
261;D91018759;https://salvacerohomecenter.com/img/fotosp/;.jpg;https://salvacerohomecenter.com/img/fotosp/D91018759.jpg;1
262;99350669;https://salvacerohomecenter.com/img/fotosp/;.jpg;https://salvacerohomecenter.com/img/fotosp/99350669.jpg;1
263;D91018778;https://salvacerohomecenter.com/img/fotosp/;.jpg;https://salvacerohomecenter.com/img/fotosp/D91018778.jpg;1
264;D91018961;https://salvacerohomecenter.com/img/fotosp/;.jpg;https://salvacerohomecenter.com/img/fotosp/D91018961.jpg;1
265;LS-1004A;https://salvacerohomecenter.com/img/fotosp/;.jpg;https://salvacerohomecenter.com/img/fotosp/LS-1004A.jpg;1
266;LS-1048F;https://salvacerohomecenter.com/img/fotosp/;.jpg;https://salvacerohomecenter.com/img/fotosp/LS-1048F.jpg;1
267;LS-1004F;https://salvacerohomecenter.com/img/fotosp/;.jpg;https://salvacerohomecenter.com/img/fotosp/LS-1004F.jpg;1
268;LS-1041A;https://salvacerohomecenter.com/img/fotosp/;.jpg;https://salvacerohomecenter.com/img/fotosp/LS-1041A.jpg;1
269;LS-1000F;https://salvacerohomecenter.com/img/fotosp/;.jpg;https://salvacerohomecenter.com/img/fotosp/LS-1000F.jpg;1
270;LS-1000A;https://salvacerohomecenter.com/img/fotosp/;.jpg;https://salvacerohomecenter.com/img/fotosp/LS-1000A.jpg;1
271;LS-1001A;https://salvacerohomecenter.com/img/fotosp/;.jpg;https://salvacerohomecenter.com/img/fotosp/LS-1001A.jpg;1
272;D91018979;https://salvacerohomecenter.com/img/fotosp/;.jpg;https://salvacerohomecenter.com/img/fotosp/D91018979.jpg;1
273;LS-1054B;https://salvacerohomecenter.com/img/fotosp/;.jpg;https://salvacerohomecenter.com/img/fotosp/LS-1054B.jpg;1
274;LS-1010F;https://salvacerohomecenter.com/img/fotosp/;.jpg;https://salvacerohomecenter.com/img/fotosp/LS-1010F.jpg;1
275;D91018985;https://salvacerohomecenter.com/img/fotosp/;.jpg;https://salvacerohomecenter.com/img/fotosp/D91018985.jpg;1
276;LS-1005A;https://salvacerohomecenter.com/img/fotosp/;.jpg;https://salvacerohomecenter.com/img/fotosp/LS-1005A.jpg;1
277;LS-1047F;https://salvacerohomecenter.com/img/fotosp/;.jpg;https://salvacerohomecenter.com/img/fotosp/LS-1047F.jpg;1
278;D91018992;https://salvacerohomecenter.com/img/fotosp/;.jpg;https://salvacerohomecenter.com/img/fotosp/D91018992.jpg;1
279;D91018994;https://salvacerohomecenter.com/img/fotosp/;.jpg;https://salvacerohomecenter.com/img/fotosp/D91018994.jpg;1
280;D91019061;https://salvacerohomecenter.com/img/fotosp/;.jpg;https://salvacerohomecenter.com/img/fotosp/D91019061.jpg;1
281;LS-1046A;https://salvacerohomecenter.com/img/fotosp/;.jpg;https://salvacerohomecenter.com/img/fotosp/LS-1046A.jpg;1
282;LS-1064F;https://salvacerohomecenter.com/img/fotosp/;.jpg;https://salvacerohomecenter.com/img/fotosp/LS-1064F.jpg;1
283;LS-1009F;https://salvacerohomecenter.com/img/fotosp/;.jpg;https://salvacerohomecenter.com/img/fotosp/LS-1009F.jpg;1
284;LS-1055F;https://salvacerohomecenter.com/img/fotosp/;.jpg;https://salvacerohomecenter.com/img/fotosp/LS-1055F.jpg;1
285;D91019010;https://salvacerohomecenter.com/img/fotosp/;.jpg;https://salvacerohomecenter.com/img/fotosp/D91019010.jpg;1
286;LS-1061A;https://salvacerohomecenter.com/img/fotosp/;.jpg;https://salvacerohomecenter.com/img/fotosp/LS-1061A.jpg;1
287;LS-1011A;https://salvacerohomecenter.com/img/fotosp/;.jpg;https://salvacerohomecenter.com/img/fotosp/LS-1011A.jpg;1
288;LS-1011F;https://salvacerohomecenter.com/img/fotosp/;.jpg;https://salvacerohomecenter.com/img/fotosp/LS-1011F.jpg;1
289;LS-1059A;https://salvacerohomecenter.com/img/fotosp/;.jpg;https://salvacerohomecenter.com/img/fotosp/LS-1059A.jpg;1
290;LS-1042A;https://salvacerohomecenter.com/img/fotosp/;.jpg;https://salvacerohomecenter.com/img/fotosp/LS-1042A.jpg;1
291;LS-1045A;https://salvacerohomecenter.com/img/fotosp/;.jpg;https://salvacerohomecenter.com/img/fotosp/LS-1045A.jpg;1
292;D91019027;https://salvacerohomecenter.com/img/fotosp/;.jpg;https://salvacerohomecenter.com/img/fotosp/D91019027.jpg;1
293;LS-1035A;https://salvacerohomecenter.com/img/fotosp/;.jpg;https://salvacerohomecenter.com/img/fotosp/LS-1035A.jpg;1
294;LS-1063A;https://salvacerohomecenter.com/img/fotosp/;.jpg;https://salvacerohomecenter.com/img/fotosp/LS-1063A.jpg;1
295;D91018958;https://salvacerohomecenter.com/img/fotosp/;.jpg;https://salvacerohomecenter.com/img/fotosp/D91018958.jpg;1
296;D91019035;https://salvacerohomecenter.com/img/fotosp/;.jpg;https://salvacerohomecenter.com/img/fotosp/D91019035.jpg;1
297;LS-1020A;https://salvacerohomecenter.com/img/fotosp/;.jpg;https://salvacerohomecenter.com/img/fotosp/LS-1020A.jpg;1
298;D91019038;https://salvacerohomecenter.com/img/fotosp/;.jpg;https://salvacerohomecenter.com/img/fotosp/D91019038.jpg;1
299;9124531P;https://salvacerohomecenter.com/img/fotosp/;.jpg;https://salvacerohomecenter.com/img/fotosp/9124531P.jpg;1
300;D91019046;https://salvacerohomecenter.com/img/fotosp/;.jpg;https://salvacerohomecenter.com/img/fotosp/D91019046.jpg;1
301;LS-1021F;https://salvacerohomecenter.com/img/fotosp/;.jpg;https://salvacerohomecenter.com/img/fotosp/LS-1021F.jpg;1
302;LS-1021A;https://salvacerohomecenter.com/img/fotosp/;.jpg;https://salvacerohomecenter.com/img/fotosp/LS-1021A.jpg;1
303;LS-1015A;https://salvacerohomecenter.com/img/fotosp/;.jpg;https://salvacerohomecenter.com/img/fotosp/LS-1015A.jpg;1
304;LS-1060A;https://salvacerohomecenter.com/img/fotosp/;.jpg;https://salvacerohomecenter.com/img/fotosp/LS-1060A.jpg;1
305;91001868;https://salvacerohomecenter.com/img/fotosp/;.jpg;https://salvacerohomecenter.com/img/fotosp/91001868.jpg;1
306;91001871;https://salvacerohomecenter.com/img/fotosp/;.jpg;https://salvacerohomecenter.com/img/fotosp/91001871.jpg;1
307;91001874;https://salvacerohomecenter.com/img/fotosp/;.jpg;https://salvacerohomecenter.com/img/fotosp/91001874.jpg;1
308;91001877;https://salvacerohomecenter.com/img/fotosp/;.jpg;https://salvacerohomecenter.com/img/fotosp/91001877.jpg;1
309;213587;https://salvacerohomecenter.com/img/fotosp/;.jpg;https://salvacerohomecenter.com/img/fotosp/213587.jpg;1
310;213588;https://salvacerohomecenter.com/img/fotosp/;.jpg;https://salvacerohomecenter.com/img/fotosp/213588.jpg;1
311;D91017316;https://salvacerohomecenter.com/img/fotosp/;.jpg;https://salvacerohomecenter.com/img/fotosp/D91017316.jpg;1
312;213592;https://salvacerohomecenter.com/img/fotosp/;.jpg;https://salvacerohomecenter.com/img/fotosp/213592.jpg;1
313;D91017318;https://salvacerohomecenter.com/img/fotosp/;.jpg;https://salvacerohomecenter.com/img/fotosp/D91017318.jpg;1
314;D91017319;https://salvacerohomecenter.com/img/fotosp/;.jpg;https://salvacerohomecenter.com/img/fotosp/D91017319.jpg;1
315;D91017320;https://salvacerohomecenter.com/img/fotosp/;.jpg;https://salvacerohomecenter.com/img/fotosp/D91017320.jpg;1
316;D91017321;https://salvacerohomecenter.com/img/fotosp/;.jpg;https://salvacerohomecenter.com/img/fotosp/D91017321.jpg;1
